policy,seed,round,n_points,n_devsim_runs,mean_mae_norm,mae_norm_wjfet_scale,mae_norm_npwell_scale,mae_norm_qit_eff_cm2,f1_wjfet_scale,f1_npwell_scale,f1_qit_eff_cm2
uncertainty,0,0,60,120,0.13489694266390853,0.14712410656977495,0.15910571802376705,0.09846100339818359,0.6726112667289138,0.5809820719044999,0.748858695652174
uncertainty,0,1,70,140,0.135190927873647,0.15560656596919015,0.16097719699652843,0.08898902065522245,0.6321472792440533,0.5827950043066322,0.7891820995181806
uncertainty,0,2,80,160,0.12968480363994528,0.14489992347967826,0.1552828109873363,0.08887167645282126,0.6909424130012365,0.6048447437336325,0.7692075201897922
uncertainty,0,3,90,180,0.12842735574770475,0.14383017903487724,0.15363674099005678,0.08781514721818022,0.6681312775922237,0.5986253512569302,0.759207901522892
uncertainty,0,4,100,200,0.12867025239502408,0.14101031088453428,0.15509244074210382,0.08990800555843416,0.6873857623857623,0.5861111111111111,0.7770531400966183
uncertainty,0,5,110,220,0.12937697116287897,0.14136990245489978,0.15708658977327428,0.08967442126046288,0.6757590759075908,0.5856220744025622,0.7730263157894736
uncertainty,0,6,120,240,0.12631977840669442,0.13853874571748304,0.15366929888186115,0.08675129062073908,0.6947635486875994,0.593933583573011,0.7504710527089203
uncertainty,1,0,60,120,0.13756211777291652,0.1411496805190724,0.16688540298931281,0.10465126981036432,0.7118182881783691,0.5089095287237702,0.7637751702735667
uncertainty,1,1,70,140,0.13483299317706696,0.14340382574940078,0.16172710500794477,0.09936804877385531,0.6623745205371114,0.5456986398162869,0.7931202257577968
uncertainty,1,2,80,160,0.1285522141211882,0.14589179621549545,0.1460746274989106,0.09369021864915847,0.6576604922155501,0.6032604268491365,0.7777129635030819
uncertainty,1,3,90,180,0.12458620919033551,0.14340020019777647,0.14077748491320802,0.089580942460022,0.664327485380117,0.649718802249582,0.7997116160534451
uncertainty,1,4,100,200,0.12348504061970206,0.13933994081923942,0.14389661554758854,0.0872185654922782,0.6977314888080041,0.6431328643283258,0.7839748244977004
uncertainty,1,5,110,220,0.12298467331398667,0.1423473749589944,0.14209283644592804,0.08451380853703754,0.7376811594202898,0.6381715287741113,0.785253169479661
uncertainty,1,6,120,240,0.12103283929664661,0.13742525858127852,0.1413102633419624,0.08436299596669894,0.7037432442906,0.6183473389355743,0.7996126845800049
uncertainty,2,0,60,120,0.14040286882969108,0.1697746287293257,0.1576547395091173,0.0937792382506302,0.5905413695268767,0.5968790240854611,0.7695429472025216
uncertainty,2,1,70,140,0.13936339580564183,0.1704356419325111,0.15537507273977036,0.09227947274464403,0.5858402044525323,0.6237060041407868,0.827172096908939
uncertainty,2,2,80,160,0.13252485759378807,0.1678250550799032,0.14134126373962805,0.08840825396183291,0.5903972310820786,0.6821092497427311,0.8385125619008678
uncertainty,2,3,90,180,0.1317547847996733,0.16399091232442822,0.14587222382736442,0.08540121824722735,0.6007505763603325,0.6595645266797495,0.8333855322110576
uncertainty,2,4,100,200,0.1296970704081699,0.16025716994529565,0.14363181079541748,0.0852022304837966,0.6082795611097498,0.6449231938337947,0.8298160103013489
uncertainty,2,5,110,220,0.12561007279744554,0.16004688929197605,0.13905162721626277,0.07773170188409781,0.607397504456328,0.6697222222222221,0.8534581917195755
uncertainty,2,6,120,240,0.12380781863032302,0.15814309137966456,0.1367352478371212,0.07654511667418329,0.6306394742038307,0.6831146590182735,0.8199121585893576
uncertainty,3,0,60,120,0.13959430504148831,0.15823339679512713,0.16209116555721328,0.09845835277212459,0.6010049395332993,0.5652326799867783,0.7868756996955183
uncertainty,3,1,70,140,0.13775088954935968,0.1522996935195352,0.16083949681264242,0.10011347831590146,0.6634135323644724,0.5969187742715237,0.7278051450465245
uncertainty,3,2,80,160,0.13086590931328798,0.14490068284506133,0.1485699266178844,0.09912711847691819,0.6804181384124011,0.629952778983934,0.7467209319643974
uncertainty,3,3,90,180,0.12747193446482236,0.14159366880769872,0.14216100640275314,0.09866112818401523,0.7139192377287614,0.6547236562455446,0.7444102332629408
uncertainty,3,4,100,200,0.13054529120761602,0.1498675630628981,0.14283876844348323,0.09892954211646665,0.698154676415546,0.6667675938948795,0.776889776889777
uncertainty,3,5,110,220,0.12859822799147838,0.1470967203604607,0.14298570461515256,0.09571225899882184,0.6916305916305916,0.6421484188089956,0.7741147741147741
uncertainty,3,6,120,240,0.1248155032888052,0.14267070461171508,0.141760929085519,0.09001487616918151,0.6992688703532077,0.6359294421003282,0.7891036166898235
uncertainty,4,0,60,120,0.1601394256221255,0.16804713402438107,0.20076756808069868,0.11160357476129681,0.5463949843260189,0.45950695556994764,0.6997404135012197
uncertainty,4,1,70,140,0.13985510323268757,0.16432577462413858,0.15931761516033063,0.0959219199135935,0.5540520823421194,0.6367951149036074,0.6892972757607451
uncertainty,4,2,80,160,0.1369570509267241,0.1665369205213556,0.14892843935269343,0.09540579290612335,0.5756337936847565,0.6937942300207753,0.7128495842781556
uncertainty,4,3,90,180,0.131544894148175,0.16830464107287588,0.14141169093695385,0.08491835043469527,0.5661256528129592,0.6861746497230369,0.761477174849268
uncertainty,4,4,100,200,0.13164991416694657,0.1602034141596567,0.14450843167183325,0.0902378966693498,0.6030315672368238,0.676093484789137,0.7342657342657343
uncertainty,4,5,110,220,0.12639559269597958,0.1602990901945556,0.1352161261926557,0.08367156170072751,0.6097471431524769,0.6628917139352141,0.761477174849268
uncertainty,4,6,120,240,0.12591536458047084,0.15979336781151138,0.13580115736186663,0.08215156856803452,0.6286393178791794,0.6869256474519633,0.7658483885040525
uncertainty,5,0,60,120,0.14180768271848018,0.1767282526469183,0.15539550336866337,0.09329929213985885,0.5024284658431,0.6257218757218758,0.7494686704442802
uncertainty,5,1,70,140,0.13271788782105134,0.17179098681023605,0.1392781588512412,0.08708451780167682,0.5353572151386359,0.6383505598621878,0.7752874485441726
uncertainty,5,2,80,160,0.1303447012051234,0.16086086793385845,0.14155233117949995,0.08862090450201175,0.6001122334455667,0.6480611103001994,0.7906088751289989
uncertainty,5,3,90,180,0.1260964780919792,0.15873518061780179,0.13474004295725475,0.08481421070088116,0.6364049893461657,0.6556493179194511,0.8231330402214624
uncertainty,5,4,100,200,0.12318098435843032,0.1497685722582643,0.13290896340113265,0.08686541741589403,0.7296991321968195,0.6715643596641395,0.8071041909007609
uncertainty,5,5,110,220,0.12084229384993724,0.14644973608280012,0.1355109392249963,0.08056620624201526,0.7187610429288146,0.6410732714138287,0.8294871794871795
uncertainty,5,6,120,240,0.1203393782328691,0.14490137790387186,0.13978487983298465,0.07633187696175074,0.7018161914713638,0.6432585339317285,0.8043417366946778
uncertainty,6,0,60,120,0.13714033078319673,0.1622862255726993,0.14864101762884196,0.10049374914804894,0.6116734143049932,0.594112943528236,0.781650469663361
uncertainty,6,1,70,140,0.12838727831336694,0.15326770132528783,0.14063966953640883,0.09125446407840414,0.662368835044357,0.6565499609874329,0.7581431102772567
uncertainty,6,2,80,160,0.12933893560787488,0.15433427418809914,0.13997512897959713,0.09370740365592838,0.6584635059833744,0.6686882712006498,0.7676088283190231
uncertainty,6,3,90,180,0.12395033196611853,0.14714938440718964,0.13490379002806496,0.08979782146310099,0.6627891985276579,0.6763888888888889,0.8118866080156403
uncertainty,6,4,100,200,0.1232860258165243,0.14225572868226583,0.1396211968318467,0.08798115193546034,0.7102303089910663,0.6510481212920237,0.7804239693742024
uncertainty,6,5,110,220,0.12500476485278314,0.14865156372544586,0.139329676291613,0.08703305454129057,0.6873433583959899,0.6488071895424836,0.7923580428735068
uncertainty,6,6,120,240,0.12338205386688024,0.1423032149819636,0.14126732921872084,0.08657561739995626,0.6895624512593871,0.6547803769189312,0.8032331907407712
uncertainty,7,0,60,120,0.14735889316204917,0.17239433710803315,0.1723765811549714,0.09730576122314301,0.4829009521420837,0.5738751193068147,0.7764491320588882
uncertainty,7,1,70,140,0.1462026702960045,0.17030401802694206,0.1720704311101272,0.09623356175094423,0.5565123102436536,0.5197381639753392,0.7520869146220762
uncertainty,7,2,80,160,0.13718033857627196,0.16354379690225251,0.15996180217776979,0.08803541664879358,0.5978203083466241,0.5521849898951732,0.7840472326265638
uncertainty,7,3,90,180,0.13426179441874517,0.16196683739298934,0.15392496758102653,0.08689357828221966,0.6059414591524684,0.5818602693602694,0.7425670608214144
uncertainty,7,4,100,200,0.1297929075755413,0.1535305234021733,0.14904337884871016,0.08680482047574047,0.6702354751700286,0.6259274668885654,0.7252084759037701
uncertainty,7,5,110,220,0.12879677310218335,0.15368577437428915,0.1480217931640932,0.0846827517681677,0.7071271022883927,0.6159615641552777,0.7921057699331301
uncertainty,7,6,120,240,0.12752115096149125,0.15408701567035435,0.14628142486824755,0.08219501234587183,0.6936822393061305,0.6111478892588338,0.8176678109578025
uncertainty,8,0,60,120,0.1395992095995328,0.15742458084044456,0.15726140192371213,0.10411164603444162,0.6419054136726081,0.5838832605260712,0.7278322612394109
uncertainty,8,1,70,140,0.13416109021492723,0.16122658026463732,0.15256767702935475,0.08868901335078962,0.6400559209656483,0.5934930702372562,0.7860513518643358
uncertainty,8,2,80,160,0.13089887400974423,0.16797341359702653,0.14153901879216516,0.083184189640041,0.559907331318393,0.6615001574555189,0.7816207184628237
uncertainty,8,3,90,180,0.12731647374732424,0.16147049963269597,0.13827773039088553,0.08220119121839117,0.6149284426414243,0.6560079804518787,0.8220508592398597
uncertainty,8,4,100,200,0.12362778274981533,0.15916301894689328,0.13427961724253978,0.07744071206001292,0.6150930697979208,0.6593859649122806,0.8117534205733471
uncertainty,8,5,110,220,0.12400033035909801,0.15030169001402796,0.14093087895212214,0.08076842211114389,0.6623440503390998,0.6650169894608877,0.7742966253604552
uncertainty,8,6,120,240,0.12275024243919597,0.1489239999713072,0.14094192063306665,0.07838480671321404,0.670033568715562,0.6638168781025924,0.8343311166392967
uncertainty,9,0,60,120,0.1433885387524001,0.16004373477770834,0.1702931680877667,0.09982871339172525,0.5376392046272049,0.5277777777777778,0.7835378046106015
uncertainty,9,1,70,140,0.13514516804016521,0.16255687679321434,0.15590636889273815,0.08697225843454315,0.5829493087557603,0.5849277084571202,0.8300865800865801
uncertainty,9,2,80,160,0.1341755127895506,0.15926681163198522,0.1516801429972469,0.09157958373941964,0.570906238953694,0.596139230886153,0.7735173081578312
uncertainty,9,3,90,180,0.1297306941557553,0.14815796640368728,0.15130367087598112,0.08973044518759754,0.6900406225751974,0.6035789072910718,0.8159080155813516
uncertainty,9,4,100,200,0.12969849773289274,0.14792500177102488,0.15590726960134227,0.08526322182631112,0.6439247072158464,0.6267669858641131,0.7995780935182495
uncertainty,9,5,110,220,0.12296585732747868,0.14430418566293243,0.1431054867364087,0.08148789958309492,0.694228802632164,0.6251920122887865,0.7937675980073641
uncertainty,9,6,120,240,0.12252900856745276,0.13897537292137677,0.14676976552030513,0.08184188726067637,0.6997771572028998,0.6126322751322751,0.8097042034250129
random,0,0,60,120,0.13489694266390853,0.14712410656977495,0.15910571802376705,0.09846100339818359,0.6726112667289138,0.5809820719044999,0.748858695652174
random,0,1,70,140,0.13534813174580287,0.15117237383728266,0.16298918331452886,0.09188283808559716,0.6214678207659124,0.519824016563147,0.7611449540797367
random,0,2,80,160,0.13266073144425158,0.14752217184533786,0.16124200884545786,0.08921801364195901,0.6955465587044535,0.565761316872428,0.787031116794544
random,0,3,90,180,0.13217983544752962,0.14677710490100404,0.1626945209432401,0.0870678804983447,0.7112253501971985,0.561504618569836,0.7673364854215917
random,0,4,100,200,0.13078857518512207,0.1503947947320638,0.15968449591946085,0.08228643490384155,0.7114232209737827,0.5796684796684798,0.8094337986456654
random,0,5,110,220,0.12632772702288814,0.1503698516478302,0.1511541484522782,0.07745918096855603,0.6716706067769898,0.6119579962276591,0.8387172964918524
random,0,6,120,240,0.12450089152235111,0.14745906939649697,0.14934553443452497,0.07669807073603142,0.6837787331312422,0.6283445470192458,0.8400750981396142
random,1,0,60,120,0.13756211777291652,0.1411496805190724,0.16688540298931281,0.10465126981036432,0.7118182881783691,0.5089095287237702,0.7637751702735667
random,1,1,70,140,0.1371854955204447,0.14045003749879434,0.17002138467483693,0.10108506438770284,0.7207525949530215,0.5360181360679865,0.7660693046992325
random,1,2,80,160,0.13585643801242045,0.13697323762210764,0.1707776240934847,0.09981845232166904,0.7042230882275757,0.501410931574312,0.7489861884636148
random,1,3,90,180,0.13291739606454875,0.1361932373863019,0.1654776426952671,0.09708130811207721,0.7075955634779164,0.5242985409652077,0.7859914237637735
random,1,4,100,200,0.12798559181856534,0.13656845420524358,0.15746880426691884,0.08991951698353355,0.7194186765615337,0.5634565692705227,0.8153414283849066
random,1,5,110,220,0.12681241689406084,0.13438726536590323,0.15603406038622805,0.09001592493005121,0.757846152159494,0.597518244029872,0.7808692489543553
random,1,6,120,240,0.12329333037456935,0.13603334744335024,0.1487546203596576,0.08509202332070019,0.7326131504213697,0.655292076344708,0.8386415476894483
random,2,0,60,120,0.14040286882969108,0.1697746287293257,0.1576547395091173,0.0937792382506302,0.5905413695268767,0.5968790240854611,0.7695429472025216
random,2,1,70,140,0.13909709231453168,0.1696595795106917,0.1585430266122068,0.08908867082069653,0.5154293122207562,0.6108513236172811,0.7998911955433695
random,2,2,80,160,0.13405062908215484,0.1663791062330407,0.14776109536750492,0.08801168564591895,0.6178303178303178,0.6480885659920429,0.8535631035631036
random,2,3,90,180,0.13340760739018576,0.16206317903696285,0.14929215425988737,0.08886748887370703,0.6040692849865023,0.6537956396112424,0.8232021280513298
random,2,4,100,200,0.1287774114882488,0.15807824852221697,0.14381732180326237,0.08443666413926706,0.6251739216855495,0.672759446079497,0.8286175710594316
random,2,5,110,220,0.12516177829512373,0.15265266396665222,0.1410058378447815,0.08182683307393747,0.6339942857895222,0.672759446079497,0.8300028445455837
random,2,6,120,240,0.12543018013559362,0.15439594250830288,0.1406251735664235,0.08126942433205447,0.6709048443814623,0.6668420351841208,0.8300028445455837
random,3,0,60,120,0.13959430504148831,0.15823339679512713,0.16209116555721328,0.09845835277212459,0.6010049395332993,0.5652326799867783,0.7868756996955183
random,3,1,70,140,0.13605812778807522,0.14156456737222062,0.1644578611143854,0.10215195487761966,0.704295900178253,0.5334975716538265,0.7432627319299151
random,3,2,80,160,0.13403105654966255,0.13985216714099147,0.1655214299884682,0.09671957251952797,0.7314215510008392,0.5826160767337237,0.7184033820246446
random,3,3,90,180,0.1326517047150876,0.14299759749464502,0.1622057801755786,0.09275173647503922,0.6906975405790076,0.6131971892841458,0.7247979301696956
random,3,4,100,200,0.1283445256802894,0.13905823690084013,0.15634087426947957,0.08963446587054852,0.6996979910805886,0.621082142040759,0.8105765525994567
random,3,5,110,220,0.12644023729807236,0.14166373528721435,0.15257097399978414,0.0850860026072186,0.7018161914713638,0.6419807790775532,0.7942160186237466
random,3,6,120,240,0.12713612196609195,0.14581713148387287,0.15003124042173643,0.08555999399266659,0.6663308262455384,0.6536914936914937,0.8109266619904917
random,4,0,60,120,0.1601394256221255,0.16804713402438107,0.20076756808069868,0.11160357476129681,0.5463949843260189,0.45950695556994764,0.6997404135012197
random,4,1,70,140,0.15596341127874913,0.1708786628917767,0.18939006807526687,0.10762150286920383,0.5134030505911212,0.4799933862433862,0.6803795717368452
random,4,2,80,160,0.14134699306069978,0.16435064580304,0.16215920245641388,0.09753113092264551,0.6008332169622492,0.5958748228472771,0.6806593406593406
random,4,3,90,180,0.13995183090976002,0.16044005750379975,0.16712827589380685,0.09228715933167346,0.6453698228092078,0.5684557797233855,0.7593068163063211
random,4,4,100,200,0.13257572495446968,0.15938521525220903,0.1491009920682261,0.08924096754297388,0.610957501280082,0.6702137762094381,0.7549835873375002
random,4,5,110,220,0.1335105488654923,0.15957458206899286,0.1528799803912144,0.0880770841362696,0.6412181894034209,0.6352314568688837,0.7677507768753441
random,4,6,120,240,0.12881728793564565,0.15268555526961175,0.15078435512251556,0.08298195341480963,0.6300712065648177,0.6731462803349837,0.7751409347154028
random,5,0,60,120,0.14180768271848018,0.1767282526469183,0.15539550336866337,0.09329929213985885,0.5024284658431,0.6257218757218758,0.7494686704442802
random,5,1,70,140,0.14036272127599486,0.1696107666113855,0.16060847053453936,0.09086892668205976,0.6007505763603325,0.5774984509161724,0.7617106856149923
random,5,2,80,160,0.13623744548801045,0.1654923570889272,0.1544034360841273,0.08881654329097682,0.6177404295051354,0.5839683383543032,0.7775728488858799
random,5,3,90,180,0.12907495786055748,0.1591116306684019,0.14442019818887686,0.08369304472439373,0.6139328958231801,0.6306869068981683,0.7561348652559897
random,5,4,100,200,0.13102387578681177,0.16382061257553698,0.1439545964748817,0.08529641831001661,0.6370409211072513,0.6471558075914862,0.7627298981608147
random,5,5,110,220,0.12460733730861855,0.1534583499681043,0.13648228376262656,0.08388137819512476,0.6421753747542908,0.6556493179194511,0.7555262772654077
random,5,6,120,240,0.12541691629461935,0.15160352333173982,0.13944501941844806,0.08520220613367016,0.6235340756617352,0.6459233650244887,0.7853439153439153
random,6,0,60,120,0.13714033078319673,0.1622862255726993,0.14864101762884196,0.10049374914804894,0.6116734143049932,0.594112943528236,0.781650469663361
random,6,1,70,140,0.13441870237248402,0.16174687502487575,0.14779563909436008,0.09371359299821624,0.6342688842688843,0.631173620692127,0.7981692555206571
random,6,2,80,160,0.13110044845810165,0.1688810407577271,0.14015829899119056,0.0842620056253873,0.5436579231045634,0.6552614052614053,0.8205478187476922
random,6,3,90,180,0.13246944725134516,0.1684294847229516,0.14584916743392604,0.08312968959715776,0.5281905329229682,0.6154578038449006,0.835659011196657
random,6,4,100,200,0.12913570160168727,0.16027153468019137,0.14505184968214768,0.08208372044272275,0.580609025513748,0.656987500564054,0.8441686367218283
random,6,5,110,220,0.12651505285461426,0.15851176629554356,0.14165049135432525,0.0793829009139739,0.6144658944658945,0.6636809409924341,0.8494179810448207
random,6,6,120,240,0.12151351860940991,0.15343250470017053,0.13993597740194694,0.07117207372611227,0.6770140778421861,0.6321418045555977,0.8682937963642292
random,7,0,60,120,0.14735889316204917,0.17239433710803315,0.1723765811549714,0.09730576122314301,0.4829009521420837,0.5738751193068147,0.7764491320588882
random,7,1,70,140,0.14170392607373603,0.16941768627476203,0.16198529544580004,0.09370879650064606,0.532417496886675,0.5745178880170235,0.7734798970093087
random,7,2,80,160,0.14116247373362037,0.16720641887177573,0.16651396414964073,0.08976703817944467,0.5368565342224692,0.5424981522542498,0.7656738371024087
random,7,3,90,180,0.14113574309868013,0.1613341029554802,0.17223063839411926,0.08984248794644092,0.5906432748538011,0.49411201909007,0.7504710527089203
random,7,4,100,200,0.14062428404181873,0.16227875269299186,0.16942765422768236,0.09016644520478201,0.6143822936802593,0.5165771953059269,0.7535812887430328
random,7,5,110,220,0.13685202206068328,0.15778039706839528,0.16417302114149723,0.08860264797215736,0.6131629887727449,0.5262213976499691,0.7738026882422028
random,7,6,120,240,0.13211949630565034,0.15763784188278437,0.15473340919887116,0.08398723783529552,0.6395475368432365,0.585371617629682,0.8030034114954442
random,8,0,60,120,0.1395992095995328,0.15742458084044456,0.15726140192371213,0.10411164603444162,0.6419054136726081,0.5838832605260712,0.7278322612394109
random,8,1,70,140,0.14080498028628693,0.15372748608808998,0.16988085901905178,0.09880659575171906,0.6837786343180471,0.5275985789572746,0.730816646679633
random,8,2,80,160,0.13844593634588728,0.15028576290864215,0.16697337423275896,0.0980786718962608,0.6602562758460016,0.5325690551766056,0.7637388376518812
random,8,3,90,180,0.13364953608342608,0.14482361215235207,0.16469118089566395,0.09143381520226224,0.7019021739130435,0.547534970299198,0.7885407786302926
random,8,4,100,200,0.12934050573792485,0.14290449446744663,0.15689626673565701,0.08822075601067089,0.7014474772539288,0.5756401221517501,0.7794871794871794
random,8,5,110,220,0.12805830325935993,0.146082886817832,0.14703576224925718,0.09105626071099057,0.7163525604416524,0.5753181330354601,0.7937992010830506
random,8,6,120,240,0.12667309648100494,0.14646012204306902,0.14756774909941814,0.08599141830052764,0.7164611623752535,0.5845671601974123,0.8094337986456654
random,9,0,60,120,0.1433885387524001,0.16004373477770834,0.1702931680877667,0.09982871339172525,0.5376392046272049,0.5277777777777778,0.7835378046106015
random,9,1,70,140,0.14315719179745565,0.14865749017627486,0.17623068710155296,0.10458339811453907,0.6608323753723687,0.5141117052881758,0.7335282978847335
random,9,2,80,160,0.14110795841212645,0.1521766157486976,0.16876499208862428,0.10238226739905752,0.6323446031762942,0.5437408308738502,0.7325877825877827
random,9,3,90,180,0.13785701648559653,0.14631817314432116,0.16970569156472973,0.09754718474773871,0.6840491608299194,0.5265443435774548,0.7791979949874687
random,9,4,100,200,0.13574216837349454,0.14540170293374285,0.17235074612630022,0.08947405606044051,0.6982064832277081,0.5133329778346575,0.7844580989171485
random,9,5,110,220,0.13472532629366776,0.14841016044776698,0.16970117356281222,0.08606464487042405,0.7099592505280189,0.4968000695554875,0.7829701871847465
random,9,6,120,240,0.1281245803795751,0.1417754603284564,0.15908983225049567,0.08350844855977331,0.7341589754838275,0.5818076544496554,0.8243381191618252
sobol,0,0,60,120,0.13489694266390853,0.14712410656977495,0.15910571802376705,0.09846100339818359,0.6726112667289138,0.5809820719044999,0.748858695652174
sobol,0,1,70,140,0.13440291539736046,0.14999552770978541,0.1602050903657493,0.09300812811654666,0.6531246531246531,0.5497055451323744,0.8248501761390062
sobol,0,2,80,160,0.13302204284454716,0.15095669546776175,0.15559888426844667,0.0925105487974331,0.6649465671204803,0.587675481396315,0.8317060157396292
sobol,0,3,90,180,0.1319477796991114,0.1535103812072705,0.1549449119507013,0.08738804593936236,0.6469659611788651,0.6048252159363271,0.8153414283849066
sobol,0,4,100,200,0.13117887279077742,0.15652026644598127,0.15099848770152738,0.0860178642248236,0.6457986457986458,0.6310928837244627,0.8324019671845759
sobol,0,5,110,220,0.1276398473676086,0.15514898729286675,0.14609595050254384,0.08167460430741524,0.6568126739970759,0.6476874003189792,0.8145066222869426
sobol,0,6,120,240,0.1258118845650774,0.15548343322540553,0.1426410247968568,0.07931119567296979,0.6572770888324452,0.646742083846939,0.822378981160767
sobol,1,0,60,120,0.13756211777291652,0.1411496805190724,0.16688540298931281,0.10465126981036432,0.7118182881783691,0.5089095287237702,0.7637751702735667
sobol,1,1,70,140,0.13601885306856756,0.14132417386887758,0.17174138466885178,0.09499100066797336,0.6407977662172997,0.4868704299247872,0.771792220206846
sobol,1,2,80,160,0.12836815228556697,0.1396977476842548,0.15536547032238707,0.09004123885005903,0.7073503450489488,0.5385142192470208,0.7871908453303802
sobol,1,3,90,180,0.12382460846865555,0.1380829298631903,0.1475236817838772,0.08586721375889914,0.6885331407478734,0.5461538461538461,0.7993301850947185
sobol,1,4,100,200,0.12376233054116932,0.14046350095773777,0.144764078342127,0.08605941232364323,0.7009850275807722,0.6514111365369947,0.8224175824175824
sobol,1,5,110,220,0.12189774930093,0.13787030357169938,0.14192844530666177,0.08589449902442883,0.711279662366619,0.6747869812385942,0.8217941858391297
sobol,1,6,120,240,0.1202099864116858,0.1410276515857799,0.13571562502400872,0.08388668262526881,0.713170607678617,0.6946129929635084,0.8297009690268117
sobol,2,0,60,120,0.14040286882969108,0.1697746287293257,0.1576547395091173,0.0937792382506302,0.5905413695268767,0.5968790240854611,0.7695429472025216
sobol,2,1,70,140,0.13718848989740276,0.1649965965535204,0.15774300920122855,0.08882586393745932,0.6108946608946608,0.6577891653192859,0.8526339742860394
sobol,2,2,80,160,0.13117122137799017,0.1570450744809655,0.15320066344924102,0.08326792620376403,0.6546666896793755,0.6501501501501501,0.8532541883585528
sobol,2,3,90,180,0.12956562686949907,0.1565124881377368,0.14674820190017562,0.08543619057058477,0.6475457875457876,0.6779986555267454,0.8539429918740264
sobol,2,4,100,200,0.1295795877812103,0.1574286775340394,0.14678163487513987,0.08452845093445163,0.6423611111111112,0.6836829051186989,0.851068164209591
sobol,2,5,110,220,0.12869787902568966,0.15626176502590516,0.1461538794366287,0.08367799261453512,0.6573063973063973,0.6629051348152472,0.8761115864250343
sobol,2,6,120,240,0.12503394026243106,0.15034064489975513,0.14376475773486133,0.08099641815267664,0.6868293923213832,0.6566650993617286,0.853452415250168
sobol,3,0,60,120,0.13959430504148831,0.15823339679512713,0.16209116555721328,0.09845835277212459,0.6010049395332993,0.5652326799867783,0.7868756996955183
sobol,3,1,70,140,0.13703556156566413,0.15554537316336497,0.1623475796580959,0.0932137318755315,0.5734500920109143,0.5791751939292923,0.7415140639054081
sobol,3,2,80,160,0.1302667267039703,0.15067094547926818,0.14889231442717996,0.09123692020546274,0.6204122674710909,0.6013851232962614,0.7767773741567203
sobol,3,3,90,180,0.12980857039327479,0.1514252661545866,0.1484292627278024,0.08957118229743541,0.6301065639021566,0.6816798941798942,0.7686907068078401
sobol,3,4,100,200,0.12861669111375196,0.14942246491728384,0.1473544901367367,0.08907311828723528,0.6336865962799384,0.6459152295728555,0.7805002782666245
sobol,3,5,110,220,0.12683949117494503,0.14928833851422282,0.14487610514351124,0.08635402986710101,0.6766816163420165,0.6794577185881533,0.7875730994152046
sobol,3,6,120,240,0.12509195592798653,0.14313676742508732,0.14597207948114926,0.08616702087772295,0.6946733250104037,0.6872781273542211,0.7767773741567203
sobol,4,0,60,120,0.1601394256221255,0.16804713402438107,0.20076756808069868,0.11160357476129681,0.5463949843260189,0.45950695556994764,0.6997404135012197
sobol,4,1,70,140,0.1562227411896332,0.17152877772857414,0.19382570178762182,0.10331374405270363,0.5392820031588165,0.4793050284629981,0.714804768602237
sobol,4,2,80,160,0.14086661413716636,0.16420293764017868,0.1650233110853441,0.09337359368597638,0.6047411192732176,0.5712193541522456,0.6994642649815064
sobol,4,3,90,180,0.13368788331010792,0.16213111083794102,0.1501266185040102,0.08880592058837253,0.6269837240134271,0.6457378012933569,0.7090796890056364
sobol,4,4,100,200,0.13195581392822717,0.16376016553438658,0.14799722419002403,0.08411005206027093,0.5878262488043238,0.6209343168247278,0.7491665422699906
sobol,4,5,110,220,0.12962987609800455,0.15801933244690677,0.147260378296973,0.08360991755013387,0.6581088012447803,0.6426388270327387,0.7391304347826088
sobol,4,6,120,240,0.12765084973621046,0.1519051533526816,0.14595228466079077,0.08509511119515908,0.6982491582491583,0.6885620915032679,0.7654243585278069
sobol,5,0,60,120,0.14180768271848018,0.1767282526469183,0.15539550336866337,0.09329929213985885,0.5024284658431,0.6257218757218758,0.7494686704442802
sobol,5,1,70,140,0.13997210452590217,0.1679762011135531,0.1596133719474728,0.09232674051668063,0.5802122015915119,0.5776958545391274,0.7549125979505726
sobol,5,2,80,160,0.13596063206023623,0.16707699495848746,0.15376961590455143,0.08703528531766977,0.5764975296620867,0.6100699694865833,0.7783941328245126
sobol,5,3,90,180,0.12967248501600362,0.1607798592688826,0.1442296362583867,0.08400795952074161,0.6336726471410482,0.6350129198966408,0.8017438176168334
sobol,5,4,100,200,0.12772818931449284,0.1597057566956154,0.14329790061549788,0.08018091063236521,0.6675876010781671,0.657496168134466,0.82864044168392
sobol,5,5,110,220,0.12721144502331547,0.15935326518482074,0.1417101604065078,0.08057090947861781,0.67228588405059,0.6602539189014122,0.7966851367381095
sobol,5,6,120,240,0.12366604074720267,0.15516504626863242,0.13769996762075642,0.07813310835221914,0.6814285714285715,0.6652113843603206,0.8298160103013489
sobol,6,0,60,120,0.13714033078319673,0.1622862255726993,0.14864101762884196,0.10049374914804894,0.6116734143049932,0.594112943528236,0.781650469663361
sobol,6,1,70,140,0.13109612255956846,0.14969197440254767,0.1530667428255563,0.09052965045060136,0.6588133764832794,0.6294871794871795,0.7917799046831305
sobol,6,2,80,160,0.12509213655306234,0.1460734571185175,0.1427756776744803,0.08642727486618924,0.7111419664142936,0.622097823464439,0.8231163974207408
sobol,6,3,90,180,0.12375373201214468,0.14874551007995324,0.13676827458423937,0.0857474113722414,0.6972089736795618,0.7157842157842159,0.8387172964918524
sobol,6,4,100,200,0.12394824137666773,0.14896887978909923,0.13767825936710418,0.08519758497379977,0.7085191211222718,0.6699519013201277,0.8416000878565741
sobol,6,5,110,220,0.12345123779057114,0.14818722276773955,0.13914679486690534,0.08301969573706854,0.6646146293568974,0.6925940531757627,0.8162517798399372
sobol,6,6,120,240,0.12052600033123594,0.14570010300990469,0.13522843764478806,0.08064946033901504,0.6864705882352942,0.6994744396384354,0.8542495793301851
sobol,7,0,60,120,0.14735889316204917,0.17239433710803315,0.1723765811549714,0.09730576122314301,0.4829009521420837,0.5738751193068147,0.7764491320588882
sobol,7,1,70,140,0.14302959927493133,0.1693404916992766,0.16485426588189234,0.09489404024362512,0.5001831501831502,0.5941770647653001,0.8050572907481902
sobol,7,2,80,160,0.13177891328448832,0.16079626918187812,0.15010937302051952,0.08443109765106732,0.5763720598717035,0.6277922574652351,0.8075055042914352
sobol,7,3,90,180,0.1339455413901133,0.16802438572359385,0.15157811732729917,0.0822341211194469,0.5710903853284276,0.6399955926293207,0.8209964110375304
sobol,7,4,100,200,0.13332826999852115,0.16183132504888548,0.15432764026707496,0.08382584467960302,0.5994853536909611,0.6352821067751359,0.8496859432531947
sobol,7,5,110,220,0.1316945868316125,0.1611623229736027,0.14998650690913645,0.08393493061209832,0.6763772397179583,0.6574307223574549,0.8326887013595874
sobol,7,6,120,240,0.12815771430910514,0.16000849225516892,0.14419573820463702,0.08026891246750947,0.6607744107744108,0.6412490922294843,0.8438805346700083
sobol,8,0,60,120,0.1395992095995328,0.15742458084044456,0.15726140192371213,0.10411164603444162,0.6419054136726081,0.5838832605260712,0.7278322612394109
sobol,8,1,70,140,0.14130320909251812,0.1627061025165163,0.16384031556470666,0.09736320919633136,0.6288975993930745,0.5428989448680656,0.771062271062271
sobol,8,2,80,160,0.13505525390459727,0.15682834285696184,0.15304620313502693,0.09529121572180307,0.6446310531953297,0.5535818115349128,0.7885407786302926
sobol,8,3,90,180,0.13018142338565514,0.15682916998195182,0.14738445890137208,0.08633064127364147,0.6617164898746384,0.5841720926026407,0.8262579525737421
sobol,8,4,100,200,0.12580058495562382,0.1555107156656926,0.13856893632441677,0.08332210287676209,0.6772325375773652,0.6666776487384345,0.8416000878565741
sobol,8,5,110,220,0.12395284853643056,0.15142687476284256,0.137869038917125,0.0825626319293241,0.6642899584076055,0.6591426591426591,0.8400750981396142
sobol,8,6,120,240,0.12031053898324702,0.1474184707623891,0.13112618512002155,0.08238696106733044,0.6910644560683972,0.7032947027940771,0.8389994007993731
sobol,9,0,60,120,0.1433885387524001,0.16004373477770834,0.1702931680877667,0.09982871339172525,0.5376392046272049,0.5277777777777778,0.7835378046106015
sobol,9,1,70,140,0.14231196417738892,0.1568141878626335,0.17791166890769283,0.0922100357618405,0.5692167577413478,0.5074527139892352,0.7924709497743206
sobol,9,2,80,160,0.1375380187030644,0.15400340165268703,0.16694402757932494,0.09166662687718118,0.6588608733471325,0.5355397290881162,0.843297620550877
sobol,9,3,90,180,0.13486796716273,0.1558159552872374,0.15979586658767095,0.0889920796132817,0.6439365262894675,0.5526416122004357,0.8200104484731275
sobol,9,4,100,200,0.12996641672025092,0.15613020040986683,0.1486648626099259,0.08510418714096005,0.6107966802310041,0.6044012858440162,0.8269370865751667
sobol,9,5,110,220,0.12779507892770595,0.15944864572745449,0.1429704371458705,0.0809661539097929,0.6364785258566216,0.6518385003604902,0.8275903822868016
sobol,9,6,120,240,0.1235825345360368,0.15183450087328804,0.13864967957257063,0.08026342316225175,0.67243018419489,0.6641081871345028,0.8445040735771646
top20_random,0,0,60,120,0.13489694266390853,0.14712410656977495,0.15910571802376705,0.09846100339818359,0.6726112667289138,0.5809820719044999,0.748858695652174
top20_random,0,1,70,140,0.1358981725038628,0.15915841298272992,0.15961545783025446,0.08892064669860397,0.6393157380254154,0.5759689922480621,0.8227633026131148
top20_random,0,2,80,160,0.1345423302571502,0.15346996886961337,0.1557642712651426,0.09439275063669461,0.643468904107202,0.5761164235809266,0.7484316852737906
top20_random,0,3,90,180,0.13069890870732986,0.15453102770324312,0.14935287282135465,0.08821282559739178,0.6302781704606845,0.6187548098536281,0.753961999824884
top20_random,0,4,100,200,0.12741644006361072,0.1450324005851853,0.1467767245557654,0.09044019504988143,0.6792117476885534,0.6231157731157732,0.7394446883349864
top20_random,0,5,110,220,0.12622618830126964,0.14471944442215423,0.14500836249561122,0.08895075798604349,0.70769080775418,0.6383425623306495,0.7291666666666666
top20_random,0,6,120,240,0.12637923382717267,0.13774809262641038,0.1506653084853357,0.09072430036977194,0.7295866541647132,0.6122758413332474,0.7438372941421721
top20_random,1,0,60,120,0.13756211777291652,0.1411496805190724,0.16688540298931281,0.10465126981036432,0.7118182881783691,0.5089095287237702,0.7637751702735667
top20_random,1,1,70,140,0.13175250573599806,0.13564088043607495,0.16282378551148818,0.09679285126043104,0.700821010402575,0.5174202305349848,0.7915934109064788
top20_random,1,2,80,160,0.12859358129510093,0.14019850310907248,0.1498756807434126,0.09570656003281774,0.6550126355262086,0.6276400751004217,0.7929848425961912
top20_random,1,3,90,180,0.12685504116719273,0.141867028213326,0.1450882300967202,0.09360986519153199,0.670969711292292,0.6171595225176343,0.7993676603432701
top20_random,1,4,100,200,0.12437860823442139,0.13988518753412066,0.1427774994929089,0.09047313767623459,0.6644189144189144,0.6354221243019825,0.7767193135985379
top20_random,1,5,110,220,0.11860687461469467,0.1343956237068902,0.1363262794708443,0.08509872066634953,0.7199961087601537,0.6297455152273675,0.8066061612367611
top20_random,1,6,120,240,0.11799596820468046,0.13243893220211325,0.1362564740424858,0.08529249836944229,0.7132545357264458,0.6268067637314043,0.8098275993012836
top20_random,2,0,60,120,0.14040286882969108,0.1697746287293257,0.1576547395091173,0.0937792382506302,0.5905413695268767,0.5968790240854611,0.7695429472025216
top20_random,2,1,70,140,0.1412831054140949,0.17023771701572332,0.15736780983186008,0.0962437893947013,0.6035359027022674,0.6212747171651282,0.7927655677655677
top20_random,2,2,80,160,0.1352683544122485,0.17290982728599733,0.14592774527874153,0.08696749067200663,0.5491353422387905,0.6435888329243618,0.8667300497438178
top20_random,2,3,90,180,0.13312740150343047,0.16915333310750752,0.14692913075218866,0.08329974065059521,0.5995922528032619,0.6794100718493943,0.8520101421150897
top20_random,2,4,100,200,0.13236219598686186,0.16360449064393806,0.14893504154965584,0.08454705576699169,0.6086409614005177,0.6888707999819111,0.8241191439384054
top20_random,2,5,110,220,0.13215349972661738,0.1615543200441791,0.14747480403344482,0.08743137510222823,0.6051869199410184,0.6618305310614242,0.8055465397237548
top20_random,2,6,120,240,0.13206867470250605,0.16301826813957557,0.14380713563480876,0.08938062033313383,0.6133661505743017,0.6587616093062075,0.8059087631906666
top20_random,3,0,60,120,0.13959430504148831,0.15823339679512713,0.16209116555721328,0.09845835277212459,0.6010049395332993,0.5652326799867783,0.7868756996955183
top20_random,3,1,70,140,0.135748055164782,0.15598720972478494,0.15384265267771782,0.09741430309184325,0.6719142623596016,0.6379009927736882,0.7839048127131933
top20_random,3,2,80,160,0.13028406822112823,0.15314398822660347,0.1447486445571403,0.09295957187964093,0.6682161812975767,0.6128797495134128,0.816128184922511
top20_random,3,3,90,180,0.12806837666943746,0.15292991283806057,0.1387979947110805,0.09247722245917134,0.7021807101482432,0.6619704811194173,0.787008547008547
top20_random,3,4,100,200,0.12696843041409764,0.14985253202200752,0.13854133516778766,0.09251142405249772,0.6970183206276285,0.6483282674772036,0.7787348734873487
top20_random,3,5,110,220,0.12825633855910823,0.15008753708658013,0.14362171907592503,0.09105975951481955,0.6912982562752147,0.6477321220076986,0.7710221649216024
top20_random,3,6,120,240,0.12489437755348975,0.13960298356832404,0.14220509432622228,0.09287505476592295,0.7052270210409746,0.6508401198242373,0.8234143751234407
top20_random,4,0,60,120,0.1601394256221255,0.16804713402438107,0.20076756808069868,0.11160357476129681,0.5463949843260189,0.45950695556994764,0.6997404135012197
top20_random,4,1,70,140,0.1477012365965293,0.1653342646932788,0.17816792332832604,0.09960152176798309,0.5145374091665652,0.5405298594847775,0.6891011564924608
top20_random,4,2,80,160,0.14264812475341856,0.16550287847771386,0.1621281568829906,0.10031333889955121,0.5227337066125537,0.5545166353212131,0.7274366291220223
top20_random,4,3,90,180,0.13303236528676288,0.1654313855738146,0.14144873694073154,0.0922169733457425,0.5710272505540492,0.6905896754701256,0.7155632984901278
top20_random,4,4,100,200,0.13262295689010636,0.16171000731176388,0.14234350355693995,0.09381535980161523,0.5944269741439553,0.6608291660155232,0.7135658914728683
top20_random,4,5,110,220,0.13242532006642777,0.16076592629245928,0.1431399684962748,0.09337006541054921,0.6084676833696442,0.6825762498277118,0.706560154926168
top20_random,4,6,120,240,0.1294945135690083,0.15515566679003318,0.14207545199212368,0.09125242192486804,0.6168336964415396,0.6472135007849293,0.7342964151952917
top20_random,5,0,60,120,0.14180768271848018,0.1767282526469183,0.15539550336866337,0.09329929213985885,0.5024284658431,0.6257218757218758,0.7494686704442802
top20_random,5,1,70,140,0.13357498539178683,0.1716406568001941,0.14089663511152756,0.08818766426363886,0.5499207843840612,0.6508783798294784,0.7840619606300933
top20_random,5,2,80,160,0.1308039614926827,0.16489695236158386,0.13982745836311417,0.08768747375335005,0.5912586290764947,0.6541623361275429,0.8065914694039512
top20_random,5,3,90,180,0.13125784844017307,0.16574174608117126,0.1400163681294686,0.08801543110987939,0.5879087518431781,0.6479113990133679,0.7837834318602047
top20_random,5,4,100,200,0.12716622699091437,0.15605435207802495,0.1391745059786959,0.08626982291602228,0.6658844634609706,0.6564588979223126,0.79289945980776
top20_random,5,5,110,220,0.1207483314147233,0.14809993768029875,0.13852750496499788,0.07561755159887329,0.7192489665820011,0.6590966455967024,0.8151514362353186
top20_random,5,6,120,240,0.12269306180117144,0.15142861170077063,0.1405678153475827,0.07608275835516098,0.6889657633912637,0.671346877696084,0.829763803448014
top20_random,6,0,60,120,0.13714033078319673,0.1622862255726993,0.14864101762884196,0.10049374914804894,0.6116734143049932,0.594112943528236,0.781650469663361
top20_random,6,1,70,140,0.13050290558356814,0.15251675428492778,0.1472104023778886,0.09178156008788806,0.6713412675677318,0.6360567943524398,0.7710734977697564
top20_random,6,2,80,160,0.12933542723704236,0.14707149587095836,0.14577140130534647,0.09516338453482226,0.7422477590160517,0.6130825194992462,0.7904206471782138
top20_random,6,3,90,180,0.1262534120984332,0.14912630612077715,0.14200757902204525,0.08762635115247717,0.7300845979417409,0.6501622635959503,0.8097165991902834
top20_random,6,4,100,200,0.12651076561430638,0.14490804447792513,0.14371609927811946,0.09090815308687454,0.7525102880658436,0.6080695381421899,0.7886981666051435
top20_random,6,5,110,220,0.12458472244183827,0.14291760014916893,0.14578557029324826,0.08505099688309757,0.7272136570382184,0.6220120830049908,0.8321132468570287
top20_random,6,6,120,240,0.12466510722705902,0.13974348805089132,0.14535729845353637,0.08889453517674932,0.7113085744664692,0.6225675649457735,0.8072196620583717
top20_random,7,0,60,120,0.14735889316204917,0.17239433710803315,0.1723765811549714,0.09730576122314301,0.4829009521420837,0.5738751193068147,0.7764491320588882
top20_random,7,1,70,140,0.14894302887397465,0.16735376488442494,0.18090021094204126,0.09857511079545771,0.5990858814388226,0.4859048522206417,0.7237446016515784
top20_random,7,2,80,160,0.1401469674520019,0.16511888041377057,0.1657863908622814,0.08953563107995371,0.5647490564064536,0.5832929508302642,0.7627298981608147
top20_random,7,3,90,180,0.13237490849954464,0.15077382839675127,0.15840504886104587,0.08794584824083679,0.689713545615791,0.6146467790982016,0.7524984946800816
top20_random,7,4,100,200,0.1304728915000959,0.14854641556597076,0.15528541826476283,0.08758684066955405,0.6783664097096933,0.598586836718627,0.7554652287217478
top20_random,7,5,110,220,0.1267553185427951,0.14306247470393238,0.15068406904170967,0.08651941188274326,0.6859440172873009,0.5970587755767506,0.7688849277084572
top20_random,7,6,120,240,0.12657639966417275,0.14157293204803462,0.15134422680930187,0.08681204013518173,0.6832449709713891,0.5953853859714172,0.7872289512071199
top20_random,8,0,60,120,0.1395992095995328,0.15742458084044456,0.15726140192371213,0.10411164603444162,0.6419054136726081,0.5838832605260712,0.7278322612394109
top20_random,8,1,70,140,0.13805204153058995,0.158901902779133,0.16444628024234695,0.09080794157028986,0.6175289937352065,0.5531183257733007,0.8159702968691732
top20_random,8,2,80,160,0.13160084510618553,0.1550091599880578,0.1570682544572072,0.08272512087329151,0.6658085456404784,0.5833109957393978,0.8123706004140786
top20_random,8,3,90,180,0.12644760428747023,0.1525800076320046,0.1463694008781053,0.08039340435230079,0.6805194805194805,0.6376243250923558,0.7865389123300516
top20_random,8,4,100,200,0.12514371829863236,0.14555470131119405,0.14798455513798012,0.0818918984467229,0.679250014553694,0.6601455101291327,0.7560213274498988
top20_random,8,5,110,220,0.1259872456964406,0.14442248392219012,0.15287077544540192,0.08066847772172973,0.6840076236680238,0.6251118355369484,0.7926829268292682
top20_random,8,6,120,240,0.12106977639714511,0.14368351083352218,0.14329751742281951,0.07622830093509365,0.6446954595791805,0.6235527548962154,0.8445040735771646
top20_random,9,0,60,120,0.1433885387524001,0.16004373477770834,0.1702931680877667,0.09982871339172525,0.5376392046272049,0.5277777777777778,0.7835378046106015
top20_random,9,1,70,140,0.13609986053565845,0.16314943199909213,0.15722042051426313,0.08792972909362005,0.5472091952233616,0.5939009493743429,0.8140570056966877
top20_random,9,2,80,160,0.13822751220809612,0.15806979483553255,0.16598902956093933,0.09062371222781651,0.5372020085095732,0.5648951566684729,0.8040029321251773
top20_random,9,3,90,180,0.1328025820173779,0.14849111263333017,0.16137545901028197,0.08854117440852155,0.6095041322314049,0.5656690746474028,0.8044911579320684
top20_random,9,4,100,200,0.13332547346526227,0.14953756917081937,0.16007072997455488,0.09036812125041255,0.6332956685499057,0.5684789067142009,0.759041724558966
top20_random,9,5,110,220,0.13354663189498747,0.1441442014017763,0.1662643768679656,0.09023131741522052,0.6265502494654313,0.5483876811594203,0.7571315930275127
top20_random,9,6,120,240,0.13355006857313625,0.14485545798977195,0.16542895145675293,0.0903657962728839,0.6242525875437268,0.5761093522287551,0.7478527207559466
