policy,seed,round,n_points,n_devsim_runs,mean_mae_norm,mae_norm_wjfet_scale,mae_norm_npwell_scale,mae_norm_qit_eff_cm2,f1_wjfet_scale,f1_npwell_scale,f1_qit_eff_cm2,n_init
random,0,0,30,60,0.170178974303279,0.17877620283504136,0.19798467403618747,0.13377604603860818,0.5605078416728903,0.3606826142037409,0.6026799942054178,30
random,0,1,40,80,0.16141206287288384,0.17038704954165135,0.201188915676054,0.11266022340094621,0.558714730095907,0.4009159544336078,0.6527755805164442,30
random,0,2,50,100,0.15645274693372233,0.17047906293182746,0.1941649071773958,0.1047142706919437,0.5910754127621597,0.45135642885080246,0.7159072931498182,30
random,0,3,60,120,0.15451184208524849,0.16098501309459137,0.20024818182610812,0.10230233133504596,0.6144579096982352,0.4466854460093897,0.7237179487179487,30
random,0,4,70,140,0.14911286613967492,0.1539318587273801,0.19236232365583242,0.1010444160358123,0.6581761158801752,0.4828842504743833,0.694837904211122,30
random,0,5,80,160,0.14648621105370005,0.15144362262978,0.18776613293575667,0.10024887759556349,0.6939858065335586,0.4208365476556044,0.6898244398244398,30
random,0,6,90,180,0.14211327792178619,0.14745031737556327,0.18272349348004094,0.09616602290975436,0.6762444302168417,0.46035141329258983,0.7347752891231152,30
sobol,0,0,30,60,0.170178974303279,0.17877620283504136,0.19798467403618747,0.13377604603860818,0.5605078416728903,0.3606826142037409,0.6026799942054178,30
sobol,0,1,40,80,0.15646153612111022,0.1665242740643295,0.19221457401104436,0.11064576028795672,0.5744766505636071,0.3265855837284409,0.6968325198131528,30
sobol,0,2,50,100,0.14764946820530095,0.16119128451054549,0.17211581086918598,0.10964130923617138,0.6203605514316013,0.4698289832415015,0.6988092040469155,30
sobol,0,3,60,120,0.14219590860343265,0.1657569283313465,0.16563941933494541,0.09519137814400609,0.6480939801988704,0.4940116457541921,0.8006237360019374,30
sobol,0,4,70,140,0.13907951437351054,0.15686607282899662,0.1627826360667318,0.09758983422480322,0.6505010398941199,0.6307508583370652,0.7703130951557681,30
sobol,0,5,80,160,0.13402313325513227,0.1540735113781218,0.151651971654464,0.09634391673281092,0.6948115299334812,0.6493199562876065,0.782010582010582,30
sobol,0,6,90,180,0.13219115204884438,0.15633372754964364,0.1494882582266371,0.09075147037025239,0.6931467806710714,0.6888335796323662,0.8051110025511589,30
uncertainty,0,0,30,60,0.170178974303279,0.17877620283504136,0.19798467403618747,0.13377604603860818,0.5605078416728903,0.3606826142037409,0.6026799942054178,30
uncertainty,0,1,40,80,0.15840314371417777,0.17865044706890781,0.18950854993763402,0.10705043413599144,0.56664472417391,0.38305860805860803,0.6895440895440895,30
uncertainty,0,2,50,100,0.1470176547280498,0.15696734289023714,0.1880543796867535,0.09603124160715878,0.6696012133263975,0.48520524858553027,0.7061305207646672,30
uncertainty,0,3,60,120,0.14913736573613615,0.16111505760297348,0.1865018371057667,0.09979520249966826,0.619569702328323,0.5438423645320197,0.6812265211472086,30
uncertainty,0,4,70,140,0.1398565359841704,0.15384704237910374,0.17452172323989387,0.09120084233351355,0.6295815439928094,0.61369332421964,0.734640522875817,30
uncertainty,0,5,80,160,0.1435497113517545,0.15855933964422553,0.1778056707053269,0.09428412370571106,0.6530696292412226,0.5701754385964912,0.6700571895424837,30
uncertainty,0,6,90,180,0.13487764143903463,0.14519654248206923,0.17179365753995202,0.08764272429508262,0.6725946406116982,0.5710502283105022,0.7425670608214144,30
random,1,0,30,60,0.15741183239879034,0.17896696044234858,0.17562808379360864,0.11764045296041375,0.5262111500269006,0.44694773825208606,0.7249382716049383,30
random,1,1,40,80,0.14991960895072978,0.16045245550626547,0.1708511276757173,0.11845524367020654,0.5813481631937755,0.49942344123218846,0.6572931525567697,30
random,1,2,50,100,0.14586003488296237,0.153389917937827,0.16766158807958714,0.11652859863147297,0.6260521885521885,0.4977168949771689,0.6548973337192131,30
random,1,3,60,120,0.13635182204574361,0.15749260706344856,0.15120855349580017,0.10035430557798215,0.5579572257888502,0.6041750033346672,0.7662214040718714,30
random,1,4,70,140,0.1368059491794053,0.1560056717607573,0.16093116480238268,0.09348101097507594,0.5984326018808778,0.597518244029872,0.7659315194374526,30
random,1,5,80,160,0.13600236452440564,0.15636020288507602,0.15927673686821495,0.092370153819926,0.6014117904567343,0.5615530303030303,0.7430581613508442,30
random,1,6,90,180,0.13267964994487483,0.15153075745575434,0.15849055384333985,0.08801763853553034,0.6656951286261631,0.5732634138926889,0.8006237360019374,30
sobol,1,0,30,60,0.15741183239879034,0.17896696044234858,0.17562808379360864,0.11764045296041375,0.5262111500269006,0.44694773825208606,0.7249382716049383,30
sobol,1,1,40,80,0.14811124177859103,0.1687458458155143,0.1712564939009968,0.10433138561926204,0.5388732201265253,0.5093478832655728,0.7619254519361167,30
sobol,1,2,50,100,0.13678233873779957,0.15870084212142682,0.15494686449980255,0.0966993095921694,0.6355224096081139,0.5750662404646733,0.7623512805001008,30
sobol,1,3,60,120,0.13498473196552052,0.15961962518673484,0.15435954313370404,0.09097502757612266,0.6146926638746092,0.542063492063492,0.767221487646159,30
sobol,1,4,70,140,0.13448556699250777,0.16227891255183302,0.15101091340247716,0.09016687502321308,0.6064438422162,0.5635543106131341,0.7710734977697564,30
sobol,1,5,80,160,0.13499268302938966,0.16061178009727065,0.15323775866453843,0.09112851032635988,0.6046914970526082,0.5728375334287649,0.7804239693742024,30
sobol,1,6,90,180,0.12999793259746675,0.15514175574645092,0.14710781647236412,0.08774422557358527,0.6627133992956565,0.6254864034588691,0.7801721170395869,30
uncertainty,1,0,30,60,0.15741183239879034,0.17896696044234858,0.17562808379360864,0.11764045296041375,0.5262111500269006,0.44694773825208606,0.7249382716049383,30
uncertainty,1,1,40,80,0.1521145145362949,0.16271809143268365,0.18141572449139218,0.11220972768480894,0.5661658602835073,0.39222774760627277,0.7189070189070188,30
uncertainty,1,2,50,100,0.1497744371818214,0.16487310339341515,0.17672839432442233,0.10772181382762669,0.5827720227311438,0.4479928667612913,0.7202821709739577,30
uncertainty,1,3,60,120,0.14648149349979198,0.17778878278621715,0.15847272687634956,0.1031829708368092,0.5541860241475247,0.5595126082561538,0.7241369006115903,30
uncertainty,1,4,70,140,0.13933138021164068,0.16213606192824256,0.15843279267280883,0.0974252860338706,0.6104938171300435,0.5735867446393762,0.7554166431268811,30
uncertainty,1,5,80,160,0.137487378965792,0.16380999982644692,0.1530030945905647,0.09564904248036439,0.6117872559757748,0.6081022152450725,0.7707769385913642,30
uncertainty,1,6,90,180,0.13271877931315923,0.1568243162958852,0.14485639698259667,0.09647562466099582,0.6682484182484183,0.6271331609566904,0.7488779419813903,30
random,2,0,30,60,0.18357631211033176,0.18834906860319625,0.22616510849626686,0.13621475923153215,0.528810774122102,0.4779398762157383,0.6906628851073296,30
random,2,1,40,80,0.1719752441492901,0.1521708288972978,0.2265179888948051,0.13723691465576743,0.6559051527587779,0.4776329930953473,0.6469449228019718,30
random,2,2,50,100,0.16112671403087556,0.15004210008478316,0.2062349586220817,0.12710308338576182,0.6408553367022076,0.5335831863609641,0.6823872679045094,30
random,2,3,60,120,0.15164981030194213,0.14874943340605093,0.18949555251399472,0.11670444498578073,0.6431510875955321,0.5736035511736447,0.7006193295628608,30
random,2,4,70,140,0.1461504738369429,0.1471028187914525,0.18806722017999222,0.10328138253938403,0.6806926236886467,0.5426088109014938,0.8100880866650871,30
random,2,5,80,160,0.1394967936500856,0.1437688864920187,0.17498231777595258,0.09973917668228553,0.6470249319086528,0.5631518352973046,0.7825085955520737,30
random,2,6,90,180,0.13095857479851689,0.13827648174534968,0.16208990506498075,0.09250933758522015,0.6951932788391902,0.5954248366013072,0.8182433508520465,30
sobol,2,0,30,60,0.18357631211033176,0.18834906860319625,0.22616510849626686,0.13621475923153215,0.528810774122102,0.4779398762157383,0.6906628851073296,30
sobol,2,1,40,80,0.167228881308815,0.1762228895956401,0.2035247121508389,0.12193904217996607,0.5563313226792163,0.4919373154667272,0.706130770350954,30
sobol,2,2,50,100,0.14801972316747208,0.15626451301781946,0.17585861639384862,0.11193604009074813,0.6711356055868251,0.5242818167228375,0.7139880952380953,30
sobol,2,3,60,120,0.13487920997342911,0.1477348428941264,0.1607387371415025,0.09616404988465849,0.6746586746586747,0.5533107742083899,0.7807887936450703,30
sobol,2,4,70,140,0.13386882274959366,0.15088921485024745,0.16038563715495013,0.0903316162435834,0.669080919080919,0.5683957843582256,0.7855651386471137,30
sobol,2,5,80,160,0.1336631519799599,0.1522355484398334,0.15951722184557346,0.08923668565447289,0.6673202614379085,0.5824532625901587,0.8003904681007974,30
sobol,2,6,90,180,0.1313216583973535,0.15315721602496443,0.15376166728657412,0.08704609188052193,0.634973544973545,0.5983827493261455,0.7734511746360625,30
uncertainty,2,0,30,60,0.18357631211033176,0.18834906860319625,0.22616510849626686,0.13621475923153215,0.528810774122102,0.4779398762157383,0.6906628851073296,30
uncertainty,2,1,40,80,0.15125799540478915,0.1706476320973404,0.17897708219676137,0.10414927192026563,0.599531116794544,0.4351780060735284,0.737125952895665,30
uncertainty,2,2,50,100,0.13775313374638823,0.1560977733539647,0.16112957475592646,0.09603205312927356,0.6526264826918422,0.5756651617116733,0.7604329567787912,30
uncertainty,2,3,60,120,0.12857637073057868,0.14604694669231705,0.15188077818127058,0.08780138731814838,0.6760548575182721,0.5939054726368159,0.866919354175726,30
uncertainty,2,4,70,140,0.12953582623282942,0.1452813145642576,0.15068444791799365,0.09264171621623701,0.6399183006535948,0.6045203842817629,0.8209494324045408,30
uncertainty,2,5,80,160,0.12697001139596656,0.14133926474557812,0.14809241925292235,0.09147835018939923,0.6660935664883204,0.6298648921153459,0.797622844991266,30
uncertainty,2,6,90,180,0.1262603124874886,0.14203841724775151,0.14240432462284322,0.0943381955918711,0.6861055400295907,0.6478359324744867,0.808412866737363,30
random,3,0,30,60,0.17635027952778884,0.18326784546539743,0.23380490425041192,0.11197808886755721,0.4871794871794872,0.36755743084857007,0.7451981556391617,30
random,3,1,40,80,0.17646301611690615,0.19239679455773115,0.22604160866960576,0.11095064512338153,0.4213830001759105,0.43003241968759215,0.7685827297477782,30
random,3,2,50,100,0.15224105418786457,0.1715362207559978,0.18350502168164448,0.10168192012595138,0.5533107742083899,0.5138755593797457,0.7713178294573644,30
random,3,3,60,120,0.15044584965511126,0.16015668026058816,0.1902434405242518,0.10093742818049385,0.612812671797691,0.43654482584038096,0.7122031587444756,30
random,3,4,70,140,0.14336592308489424,0.15577215093697405,0.17529836224567164,0.09902725607203698,0.6108347212012959,0.47996976854038736,0.7241486068111455,30
random,3,5,80,160,0.13499380736623365,0.1534015667057611,0.1612300164043245,0.09034983898861534,0.6092176043460507,0.5702125736847959,0.7784523323813409,30
random,3,6,90,180,0.13297662218167627,0.15626920984016726,0.15777249160217027,0.08488816510269127,0.5947352310988675,0.5928688595355261,0.7983068783068784,30
sobol,3,0,30,60,0.17635027952778884,0.18326784546539743,0.23380490425041192,0.11197808886755721,0.4871794871794872,0.36755743084857007,0.7451981556391617,30
sobol,3,1,40,80,0.16211111215298546,0.1751789652915163,0.2101678908159826,0.10098648035145745,0.5151515151515151,0.47360943504420544,0.7697744315809626,30
sobol,3,2,50,100,0.15332409733972793,0.15829704083182727,0.20191191861638222,0.09976333257097426,0.6927042545386385,0.46916194222685026,0.7552779135440426,30
sobol,3,3,60,120,0.1460248567231917,0.16037152675125588,0.18365519170515435,0.09404785171316492,0.6857313229406253,0.5236236617934845,0.77294057972475,30
sobol,3,4,70,140,0.1382518255426175,0.16267213148121792,0.16443381790217962,0.08764952724445496,0.6075567224257281,0.5505675954592363,0.8457446808510638,30
sobol,3,5,80,160,0.13908160205305733,0.16498902191267026,0.16034504075911166,0.0919107434873901,0.6270470700850448,0.6035722364836289,0.8269989267065695,30
sobol,3,6,90,180,0.13224899008936838,0.1561421467689379,0.15112449062541342,0.08948033287375377,0.7045356604180134,0.6563283208020051,0.8207688368978693,30
uncertainty,3,0,30,60,0.17635027952778884,0.18326784546539743,0.23380490425041192,0.11197808886755721,0.4871794871794872,0.36755743084857007,0.7451981556391617,30
uncertainty,3,1,40,80,0.16925906464934146,0.17401690955644863,0.23413890545999397,0.0996213789315817,0.5645794681508968,0.3431843242245991,0.7643331279483764,30
uncertainty,3,2,50,100,0.1554986120756054,0.16820498868044845,0.2079155509746453,0.09037529657172245,0.5237818704717659,0.444483896845123,0.7621566404992793,30
uncertainty,3,3,60,120,0.15135355674270937,0.1676982516110653,0.19461557725633244,0.09174684136073041,0.5634352524116304,0.5105425254678986,0.805007513221318,30
uncertainty,3,4,70,140,0.1467938861990278,0.1619077248046767,0.1807702504094424,0.09770368338296433,0.5563492063492063,0.5416536588502844,0.7875833727854481,30
uncertainty,3,5,80,160,0.14189528555240596,0.1572279849101804,0.17636639944328167,0.09209147230375586,0.5960285214250818,0.5252976190476191,0.807895807895808,30
uncertainty,3,6,90,180,0.1394928019080039,0.15690071501635208,0.17177432228212133,0.08980336842553827,0.6338307523628307,0.5755155074077823,0.8305010893246187,30
random,4,0,30,60,0.1768523830335037,0.23967314425889621,0.17481066488260147,0.11607333995901345,0.35440729483282674,0.49828476017000606,0.6930204639822772,30
random,4,1,40,80,0.16455082648498218,0.21104692210277748,0.17756245219423583,0.10504310515793326,0.34725458911505425,0.45395171957671954,0.7798917500410038,30
random,4,2,50,100,0.16062980539610008,0.20705651800454275,0.17367719564746917,0.10115570253628833,0.4532879818594104,0.5242928348476528,0.7570341932672524,30
random,4,3,60,120,0.14931383000177045,0.17822919563767006,0.1648537563932419,0.10485853797439935,0.5625,0.5560928652065419,0.763987391646966,30
random,4,4,70,140,0.14431954245146364,0.17781257362314717,0.15947238336449152,0.09567367036675223,0.5202087088744191,0.6156682775633991,0.785537258897172,30
random,4,5,80,160,0.14119068376602917,0.16845804507123074,0.1602394466346382,0.09487455959221855,0.5499138622585185,0.6027928567611107,0.7869254401512467,30
random,4,6,90,180,0.1421733599941435,0.17012707714844008,0.16048421254183623,0.09590879029215414,0.5614873003404033,0.6157694962042788,0.7857898408103248,30
sobol,4,0,30,60,0.1768523830335037,0.23967314425889621,0.17481066488260147,0.11607333995901345,0.35440729483282674,0.49828476017000606,0.6930204639822772,30
sobol,4,1,40,80,0.16513737556306837,0.21747023170582427,0.16877494978180074,0.10916694520158017,0.320875733591773,0.5953710717231396,0.8215577703949798,30
sobol,4,2,50,100,0.14626214078536373,0.19571082294075084,0.14768564361047104,0.0953899558048693,0.3774872428326232,0.6419457735247208,0.8540427751695358,30
sobol,4,3,60,120,0.13938303171262142,0.18526396321158087,0.14288348573781878,0.09000164618846469,0.4547642833357119,0.6690037194588467,0.8321132468570287,30
sobol,4,4,70,140,0.13912937263221756,0.18715401992991726,0.14424625024265542,0.08598784772407995,0.46576617030141954,0.6737835875090777,0.8540427751695358,30
sobol,4,5,80,160,0.13678147991119535,0.17649062064459758,0.14774229101788747,0.08611152807110105,0.48417809580600274,0.6543859649122807,0.8479537139453757,30
sobol,4,6,90,180,0.13289889695813598,0.1693800921837482,0.14476453875468637,0.0845520599359733,0.5927813356557669,0.6677648578811368,0.8308543096872617,30
uncertainty,4,0,30,60,0.1768523830335037,0.23967314425889621,0.17481066488260147,0.11607333995901345,0.35440729483282674,0.49828476017000606,0.6930204639822772,30
uncertainty,4,1,40,80,0.16026006713321828,0.21245372157362633,0.16283783909727612,0.10548864072875244,0.3574603731648827,0.5713362434693443,0.7717948717948717,30
uncertainty,4,2,50,100,0.15265368145908595,0.21600400668914177,0.14727699887303894,0.09468003881507711,0.39913341060882046,0.6223155929038282,0.7824207446206574,30
uncertainty,4,3,60,120,0.14487462145587937,0.197582167081251,0.14181641105260542,0.0952252862337817,0.4938243574607211,0.6535885167464115,0.8146208281140815,30
uncertainty,4,4,70,140,0.14269355596529887,0.1941409040141946,0.1435431548077775,0.09039660907392458,0.5194520215796811,0.6551949515438359,0.8184458968772694,30
uncertainty,4,5,80,160,0.1335079221518741,0.1729893283431469,0.13703391758960692,0.09050052052286844,0.5050109397935485,0.6495452895901377,0.827522874615172,30
uncertainty,4,6,90,180,0.12897199871136156,0.1617367891200418,0.13362961752571767,0.0915495894883252,0.5982849988353133,0.6408879446854131,0.818556993990435,30
random,5,0,30,60,0.15976232830048379,0.17524269360798791,0.17849561894373822,0.12554867234972517,0.5977777777777779,0.44507542147293694,0.7051760176017602,30
random,5,1,40,80,0.15327667267922795,0.17549874082433883,0.16659216785346087,0.11773910935988421,0.580645236865256,0.4419660435920598,0.7420844881162342,30
random,5,2,50,100,0.15643046341620773,0.18016143832547976,0.17541158369591908,0.11371836822722439,0.5651969429747208,0.5394551780294617,0.7139762903943221,30
random,5,3,60,120,0.1500708295683084,0.17036703946822285,0.17640039583440456,0.10344505340229776,0.6150286201437096,0.5065284178187404,0.7530005287750763,30
random,5,4,70,140,0.14888571426684824,0.15980157218829336,0.18399373600696403,0.10286183460528729,0.6402696705922511,0.45830450733752626,0.709261873604638,30
random,5,5,80,160,0.1451391407468302,0.15562464345700083,0.17638107748028697,0.10341170130320282,0.6692339608076076,0.48512396694214877,0.7386105059307674,30
random,5,6,90,180,0.14138697574383716,0.15920005763989875,0.16842231435947858,0.09653855523213412,0.6192160968907977,0.546023523173873,0.7652737918576095,30
sobol,5,0,30,60,0.15976232830048379,0.17524269360798791,0.17849561894373822,0.12554867234972517,0.5977777777777779,0.44507542147293694,0.7051760176017602,30
sobol,5,1,40,80,0.15014934134586969,0.16736872400063346,0.169975994835803,0.11310330520117257,0.57703081232493,0.5305097761238112,0.7136716194748155,30
sobol,5,2,50,100,0.1418321696924981,0.15850085951444948,0.15551120500882604,0.11148444455421877,0.6419582788829196,0.5427072658956716,0.7273821809425525,30
sobol,5,3,60,120,0.1365402671171635,0.16137745934926764,0.15000166686068542,0.09824167514153745,0.6702441077441078,0.5846425802378,0.7860482400421733,30
sobol,5,4,70,140,0.1325511440831993,0.15535240876472883,0.14791561039737128,0.09438541308749775,0.6773535644840619,0.6531430333465487,0.8023705096073517,30
sobol,5,5,80,160,0.12988630640120316,0.1532080098072047,0.14419102453313193,0.09225988486327279,0.665847414234511,0.672759446079497,0.8074522231825604,30
sobol,5,6,90,180,0.1286485617418608,0.1525765840343559,0.14285172880149216,0.09051737238973437,0.6939153439153439,0.6872781273542211,0.7848621877691645,30
uncertainty,5,0,30,60,0.15976232830048379,0.17524269360798791,0.17849561894373822,0.12554867234972517,0.5977777777777779,0.44507542147293694,0.7051760176017602,30
uncertainty,5,1,40,80,0.1520101374828379,0.18316698847211305,0.16698253683806663,0.105880887138334,0.5218420237239186,0.5662026652592691,0.6675659824046921,30
uncertainty,5,2,50,100,0.14174880763695832,0.16472135641407823,0.15813344541300925,0.10239162108378747,0.6069167067231188,0.5380175872961667,0.7088532382650031,30
uncertainty,5,3,60,120,0.13610329538611246,0.16200285181265422,0.14719341775505895,0.0991136165906242,0.6476087478971402,0.6645406585370393,0.7101822759215392,30
uncertainty,5,4,70,140,0.13362255393205208,0.16427675582536758,0.13790424779032687,0.0986866581804618,0.6442495126705653,0.6584938819085161,0.7642189932537623,30
uncertainty,5,5,80,160,0.13429888894919784,0.16064159459497224,0.14175660992934452,0.10049846232327675,0.6214737385469093,0.6891298530096837,0.7494686704442802,30
uncertainty,5,6,90,180,0.13039457645651872,0.1503414925700886,0.1433509404198114,0.09749129637965613,0.6917212597033329,0.6831399794629788,0.768583632859301,30
random,6,0,30,60,0.15119807907774788,0.19285472608735726,0.1655449378620903,0.09519457328379603,0.38099816065917763,0.5268869061972511,0.7396948212416502,30
random,6,1,40,80,0.15119858793798444,0.188113184130863,0.17667510723126545,0.08880747245182484,0.42563416975181684,0.5154293122207562,0.7604664942900237,30
random,6,2,50,100,0.15112794302515672,0.18996763966172472,0.17433177067091868,0.08908441874282674,0.45403813665373544,0.5155581612489958,0.7378192884198258,30
random,6,3,60,120,0.1400607154874395,0.16317909416220636,0.16987469351693854,0.08712835878317364,0.5624707259953162,0.5199906994523146,0.7749083165996234,30
random,6,4,70,140,0.14081882546922023,0.15572753372767384,0.17421672402265861,0.09251221865732821,0.6756000852110692,0.49556582776921765,0.7399017175108257,30
random,6,5,80,160,0.13439897753970084,0.15074048009888932,0.16743029319897423,0.08502615932123896,0.6916755445670599,0.5484366719660837,0.7633744855967078,30
random,6,6,90,180,0.13448222127737236,0.1463358695787879,0.1710677415051488,0.08604305274818035,0.7023073794153151,0.5379339407413866,0.7254740357681534,30
sobol,6,0,30,60,0.15119807907774788,0.19285472608735726,0.1655449378620903,0.09519457328379603,0.38099816065917763,0.5268869061972511,0.7396948212416502,30
sobol,6,1,40,80,0.14362182005986862,0.1818060126119002,0.15581910160337806,0.0932403459643276,0.40408986551539366,0.5165190929256265,0.76594453998095,30
sobol,6,2,50,100,0.13726228907962615,0.16989668091124416,0.15013353137780555,0.09175665494982875,0.6489693313222725,0.5417651694247438,0.7586893953788959,30
sobol,6,3,60,120,0.1335779112003188,0.16763040498156495,0.14719898249170685,0.0859043461276846,0.6028042753706471,0.5756017594828894,0.7393128067826864,30
sobol,6,4,70,140,0.1309895089919646,0.16919579626030076,0.14284246667001244,0.0809302640455806,0.6005341712490181,0.6122073578595318,0.7939201131141745,30
sobol,6,5,80,160,0.13126504631730038,0.16658903187409896,0.14243167982398355,0.0847744272538186,0.6181042228212039,0.6629059999778066,0.7879448075526506,30
sobol,6,6,90,180,0.12735779494820806,0.16047031891896307,0.14067615426026392,0.08092691166539721,0.6650916095625626,0.6763832658569501,0.7870366483355022,30
uncertainty,6,0,30,60,0.15119807907774788,0.19285472608735726,0.1655449378620903,0.09519457328379603,0.38099816065917763,0.5268869061972511,0.7396948212416502,30
uncertainty,6,1,40,80,0.14477095213455246,0.1816965874457847,0.14822399044806647,0.10439227850980617,0.564271911663216,0.6252591286349726,0.7537364651007828,30
uncertainty,6,2,50,100,0.13396675440267727,0.18625601679332354,0.134222646789525,0.08142159962518329,0.5230268789590823,0.6709315740725694,0.7983208644511134,30
uncertainty,6,3,60,120,0.13268433257642898,0.17492588412303167,0.14255237963797682,0.08057473396827843,0.623950254589232,0.6392496392496393,0.8091184752003465,30
uncertainty,6,4,70,140,0.12415116584746233,0.14950809150158917,0.1382187329696019,0.0847266730711959,0.7186048124263227,0.6630861040068201,0.7524037683317686,30
uncertainty,6,5,80,160,0.12012095822937058,0.14797702243456312,0.13145879961584703,0.08092705263770157,0.7269397269397269,0.7009272687321467,0.7659899549761877,30
uncertainty,6,6,90,180,0.116869324929516,0.14214658507112996,0.12893777968739073,0.0795236100300273,0.7010263275323517,0.6979398700830988,0.7768560069280429,30
random,7,0,30,60,0.16170867458770363,0.16902581825480512,0.168006405248423,0.1480938002598827,0.5957475778999739,0.5666666666666667,0.5661290322580644,30
random,7,1,40,80,0.15225040164054893,0.16989585914186017,0.17579770003518197,0.11105764574460467,0.5381426202321724,0.5011581312394321,0.7384543374245891,30
random,7,2,50,100,0.14203831921146662,0.16060720443109394,0.16097239938835312,0.10453535381495285,0.6201354437357273,0.5495311872794483,0.6967501119151828,30
random,7,3,60,120,0.1360930593159034,0.1621683457499269,0.14493243970639078,0.10117839249139256,0.620473066984695,0.6242432794264926,0.753142340947219,30
random,7,4,70,140,0.1352798166932959,0.15650553679091736,0.14835561600844752,0.10097829728052277,0.6499976569665081,0.6453611653300161,0.7558050383351588,30
random,7,5,80,160,0.1344480004377789,0.1527477055072181,0.1512122677565769,0.09938402804954177,0.656004624071851,0.631274587905038,0.7719298245614036,30
random,7,6,90,180,0.1344823659778475,0.16059323548292012,0.14533046215065437,0.09752340029996791,0.6050103842159916,0.6578042328042328,0.7768560069280429,30
sobol,7,0,30,60,0.16170867458770363,0.16902581825480512,0.168006405248423,0.1480938002598827,0.5957475778999739,0.5666666666666667,0.5661290322580644,30
sobol,7,1,40,80,0.15036490255637805,0.17416412545130627,0.160343157787536,0.11658742443029185,0.5246663059163059,0.5906169453829226,0.6583638087498306,30
sobol,7,2,50,100,0.14016827680934765,0.15803358772249812,0.1488451962330054,0.11362604647253942,0.6098638076321801,0.6277208808102731,0.6818507890961264,30
sobol,7,3,60,120,0.13875972469881326,0.16370769292644902,0.15067328118636136,0.10189819998362935,0.5872068063848886,0.6220004230190987,0.7464607464607464,30
sobol,7,4,70,140,0.13419307175021777,0.15893198014439464,0.146750764996586,0.09689647010967273,0.6503286038941097,0.6464530892448512,0.7719311975218065,30
sobol,7,5,80,160,0.13480567449929548,0.16043155632871547,0.14949654916396374,0.09448891800520717,0.6036586624821919,0.6233019297135945,0.7857975774017754,30
sobol,7,6,90,180,0.1314659321103237,0.158615805520758,0.14242758987469473,0.09335440093551838,0.5664506183652734,0.6376649785785518,0.7597070662980746,30
uncertainty,7,0,30,60,0.16170867458770363,0.16902581825480512,0.168006405248423,0.1480938002598827,0.5957475778999739,0.5666666666666667,0.5661290322580644,30
uncertainty,7,1,40,80,0.15024601893269335,0.17217248542927557,0.17872264748740163,0.09984292388140288,0.583951441428077,0.4922756981580511,0.7016020671834626,30
uncertainty,7,2,50,100,0.1440144885376902,0.17305781484185306,0.16178421915204658,0.09720143161917093,0.5672791507195677,0.5618438070372653,0.6956382553021209,30
uncertainty,7,3,60,120,0.13481569446260797,0.157634032588132,0.153701938109031,0.09311111269066086,0.6254458705776003,0.5721675984833879,0.725844454994637,30
uncertainty,7,4,70,140,0.13141590422832156,0.15847146545686797,0.14601701474222478,0.08975923248587193,0.6415384615384615,0.6575796726959519,0.7332399626517274,30
uncertainty,7,5,80,160,0.13089877302342093,0.15568392920667323,0.14866312537621665,0.08834926448737293,0.6681859990661875,0.6718028132662278,0.7318678796819933,30
uncertainty,7,6,90,180,0.127730823985546,0.14991706166698193,0.1456399681746265,0.08763544211502954,0.6952311788913096,0.667980036774363,0.8180690924842972,30
random,8,0,30,60,0.16064083639240764,0.1831925472319388,0.1688668029507234,0.12986315899456072,0.48383105836772233,0.5287620407237631,0.6133196868490985,30
random,8,1,40,80,0.15602349132734242,0.17637968590901812,0.16674351999463638,0.12494726807837277,0.5268869061972511,0.5651686814477511,0.680926916221034,30
random,8,2,50,100,0.15601746122037072,0.17310564976059362,0.1671606302367065,0.12778610366381202,0.5481011303083569,0.5638580955868483,0.6434519956850053,30
random,8,3,60,120,0.15024595207806976,0.16890022241057093,0.16540943431649868,0.11642819950713965,0.5562415324724324,0.5368530502975859,0.6965332980038862,30
random,8,4,70,140,0.13588088893855796,0.15559077670795068,0.15351800063687884,0.09853388947084434,0.619868465217059,0.6166594285477939,0.7691214470284238,30
random,8,5,80,160,0.13618637843559336,0.1570953795684786,0.15391345828251954,0.09755029745578198,0.6198321756795554,0.5953583548733098,0.7494386372435153,30
random,8,6,90,180,0.13539430407619354,0.14768721815195907,0.15828232016766283,0.10021337390895872,0.6241956241956242,0.5513762966593155,0.724784638822814,30
sobol,8,0,30,60,0.16064083639240764,0.1831925472319388,0.1688668029507234,0.12986315899456072,0.48383105836772233,0.5287620407237631,0.6133196868490985,30
sobol,8,1,40,80,0.14661615514461077,0.175033797610409,0.15591117755647035,0.10890349026695288,0.5757936507936509,0.5813045848024472,0.7312216491340541,30
sobol,8,2,50,100,0.14144878056387408,0.1685785677418323,0.1508479664234945,0.10491980752629544,0.5646370829033368,0.6312116705379075,0.7379227053140097,30
sobol,8,3,60,120,0.13643561207598084,0.16855100859712052,0.14332747699950094,0.09742835063132112,0.5928723362700502,0.6950090304391877,0.78043723236421,30
sobol,8,4,70,140,0.13502141064254644,0.16144135754348068,0.14812235675613808,0.09550051762802052,0.608872114490092,0.6750409813819682,0.775353676769248,30
sobol,8,5,80,160,0.13216818798219662,0.16197226418976213,0.14173246586199548,0.09279983389483228,0.5720923151869443,0.6808166248955723,0.7385444483145632,30
sobol,8,6,90,180,0.12991249882504832,0.1554647138531854,0.14281572485483368,0.09145705776712594,0.6280162515456632,0.6771419637273296,0.7799674160964484,30
uncertainty,8,0,30,60,0.16064083639240764,0.1831925472319388,0.1688668029507234,0.12986315899456072,0.48383105836772233,0.5287620407237631,0.6133196868490985,30
uncertainty,8,1,40,80,0.14451783616286468,0.15576498271623082,0.1550697709217117,0.12271875485065149,0.6332687471927978,0.5812019566736548,0.6398947457770987,30
uncertainty,8,2,50,100,0.14045357653064364,0.1527601188405459,0.14225954442849384,0.1263410663228912,0.6190561675506596,0.6269291790421043,0.6364924807962783,30
uncertainty,8,3,60,120,0.13293392931200287,0.14616015492628104,0.14059991299590935,0.11204172001381822,0.713527851458886,0.6647435897435897,0.7354703753957486,30
uncertainty,8,4,70,140,0.12926426696175589,0.15064970483460108,0.13882040011004862,0.09832269594061796,0.6712525291661287,0.6660960302728202,0.786429315430318,30
uncertainty,8,5,80,160,0.12431838569796394,0.14792052656416824,0.1345601083992539,0.09047452213046969,0.6809970828641796,0.6794871794871794,0.8235126663151391,30
uncertainty,8,6,90,180,0.1253910461159105,0.14811351285021807,0.1380629163741981,0.08999670912331537,0.6786387976147011,0.7015763150152522,0.7915934109064788,30
random,9,0,30,60,0.1646021052685602,0.17668091355656096,0.16563333351044132,0.1514920687386783,0.5260023007520226,0.5723496223496223,0.561427973425169,30
random,9,1,40,80,0.1701723977777366,0.1639419103760446,0.18793877362169037,0.15863650933547474,0.5999772332735707,0.4726853504006119,0.5633528265107213,30
random,9,2,50,100,0.14709776875632843,0.18775989540828428,0.14384873399294618,0.10968467686775478,0.4867074701820464,0.6129247736518934,0.7342362021261103,30
random,9,3,60,120,0.14209131932654995,0.17561449425646938,0.14351501995836835,0.10714444376481214,0.5014652014652015,0.6414993306559572,0.7526895339814689,30
random,9,4,70,140,0.13768733776748052,0.15906904872676747,0.15262387963179133,0.10136908494388275,0.5557856594242848,0.6040934818923434,0.7723270440251572,30
random,9,5,80,160,0.1350709604638692,0.16413260249257822,0.14822861509763635,0.09285166380139308,0.5657575294406194,0.6265182884748102,0.8041770051067214,30
random,9,6,90,180,0.1331596077176666,0.16704032386156922,0.14620550930771328,0.0862329899837173,0.5055693230729098,0.6302425356798879,0.8186425614441988,30
sobol,9,0,30,60,0.1646021052685602,0.17668091355656096,0.16563333351044132,0.1514920687386783,0.5260023007520226,0.5723496223496223,0.561427973425169,30
sobol,9,1,40,80,0.1519051872948493,0.18072689673036424,0.16429293527808875,0.11069572987609495,0.47220114951611797,0.5567749142515498,0.7321472918449828,30
sobol,9,2,50,100,0.14518651110268213,0.17801553045433027,0.14940151687991454,0.1081424859738016,0.49667258916306034,0.6380907419263743,0.76641698735569,30
sobol,9,3,60,120,0.13691187509284972,0.17607617293901126,0.14484688715569002,0.0898125651838479,0.5189158263605808,0.6428951827644638,0.8260814332960992,30
sobol,9,4,70,140,0.13744193306315125,0.1723130969949237,0.14972861554562916,0.09028408664890092,0.5455375371975104,0.6418376564718028,0.8497819479318092,30
sobol,9,5,80,160,0.13627273848817212,0.16312411543651759,0.15215694883859393,0.09353715118940488,0.592079871348164,0.6467286101432442,0.8182433508520465,30
sobol,9,6,90,180,0.12868000679838415,0.15613198134584105,0.14430281044558932,0.08560522860372205,0.6506533776301219,0.6553667926165522,0.8473674735274382,30
uncertainty,9,0,30,60,0.1646021052685602,0.17668091355656096,0.16563333351044132,0.1514920687386783,0.5260023007520226,0.5723496223496223,0.561427973425169,30
uncertainty,9,1,40,80,0.16254140222721628,0.1760654301363462,0.17971798239396997,0.13184079415133268,0.5215710215710215,0.4909090909090909,0.661018711018711,30
uncertainty,9,2,50,100,0.15947138010037087,0.19174502743618946,0.17620340325212983,0.11046570961279334,0.4443465207842969,0.5519908884122539,0.6919387405020219,30
uncertainty,9,3,60,120,0.15735937633211008,0.18301483350918812,0.18324540109033444,0.1058178943968077,0.5582857623979119,0.5704067313579203,0.7180416116586329,30
uncertainty,9,4,70,140,0.14970548974187392,0.16951091201519097,0.17586929832516268,0.10373625888526809,0.5634818481848185,0.59784136300644,0.7577344767694312,30
uncertainty,9,5,80,160,0.1366841191574117,0.1498738831434642,0.16086170176253436,0.09931677256623649,0.6810990572129665,0.5881598793363499,0.7371495132706548,30
uncertainty,9,6,90,180,0.13103224345400533,0.14968213200757186,0.15141692529582446,0.09199767305861965,0.6927708764665286,0.6555319901025097,0.7938240970499035,30
random,0,0,90,180,0.13604741759484337,0.1655754601025636,0.15393920245357917,0.08862759022838727,0.576364333336916,0.623238269666841,0.8086383412386744,90
random,0,1,100,200,0.12822674505356868,0.1517967000021893,0.1498925792022921,0.0829909559562246,0.6838978015448604,0.621061606160616,0.8257040450588837,90
random,0,2,110,220,0.12747116944841094,0.1596565806874828,0.14186110165949287,0.0808958259982571,0.5800043331166775,0.6568299440639865,0.8240582010063706,90
random,0,3,120,240,0.12902467959834682,0.15705184757652246,0.1469705190223283,0.08305167219618968,0.627486309839251,0.6392954850401659,0.8240582010063706,90
random,0,4,130,260,0.12665417765676437,0.15425050004970328,0.1434694775573242,0.08224255536326562,0.6178607036034752,0.653096903096903,0.8239303876587973,90
random,0,5,140,280,0.1254009700844026,0.15577242125679908,0.13929899372594906,0.08113149527045965,0.6169194354343824,0.6662377284982649,0.8075585552932418,90
random,0,6,150,300,0.12251675628523793,0.15216100500564014,0.13494544327471242,0.08044382057536122,0.6211536758585269,0.6763270050368074,0.8238285403925129,90
sobol,0,0,90,180,0.13604741759484337,0.1655754601025636,0.15393920245357917,0.08862759022838727,0.576364333336916,0.623238269666841,0.8086383412386744,90
sobol,0,1,100,200,0.1346502686986253,0.16293667286555655,0.15326496278969118,0.08774917044062815,0.6103047078553233,0.6222717369776194,0.8173364854215919,90
sobol,0,2,110,220,0.1267156869759491,0.1565961408886329,0.14419712111144262,0.07935379892777177,0.6632501485442662,0.6278602350030922,0.839512565814471,90
sobol,0,3,120,240,0.12746682815734506,0.15542971341313536,0.14757660743023107,0.07939416362866876,0.647480372013618,0.6548297312342256,0.8134717049923176,90
sobol,0,4,130,260,0.12691259710524638,0.15687880588453235,0.14294097784418958,0.08091800758701721,0.6035259936250036,0.6469785575048732,0.8062621567002042,90
sobol,0,5,140,280,0.12348760198727678,0.15065955439179052,0.14095585822286488,0.07884739334717497,0.6680459201081103,0.6992424242424242,0.8397394542161849,90
sobol,0,6,150,300,0.12134128986419124,0.1492945690374148,0.13761526716950878,0.07711403338565018,0.6693029201321448,0.6751159052508378,0.8336625644469905,90
uncertainty,0,0,90,180,0.13604741759484337,0.1655754601025636,0.15393920245357917,0.08862759022838727,0.576364333336916,0.623238269666841,0.8086383412386744,90
uncertainty,0,1,100,200,0.1335630936384279,0.1615209285117253,0.15609286544357423,0.08307548695998411,0.6149964463397298,0.6251204657033737,0.8232097796526109,90
uncertainty,0,2,110,220,0.1331201698826311,0.15590232748492067,0.16059031760963208,0.08286786455334053,0.6732772216411839,0.5941696660087464,0.8299567411679885,90
uncertainty,0,3,120,240,0.13106519043852952,0.14850537075021486,0.16125989361712417,0.08343030694824947,0.6481777493606139,0.5595616825733475,0.7896732026143791,90
uncertainty,0,4,130,260,0.12528727714747478,0.14605362285842496,0.15308254683335162,0.07672566175064777,0.7038017448155288,0.5993539374890867,0.8006361671094441,90
uncertainty,0,5,140,280,0.12110655019508114,0.14353902412366176,0.14760819138253198,0.07217243507904972,0.6978008861856412,0.6659396238343607,0.8354854927909957,90
uncertainty,0,6,150,300,0.11676406289349418,0.13784030651773332,0.14031183296991884,0.07214004919283039,0.7359745659085352,0.6484205101548947,0.818556993990435,90
random,1,0,90,180,0.14454708092583066,0.17032764373275003,0.16055831372926282,0.10275528531547903,0.5188287558111084,0.5563304275633042,0.7728070175438596,90
random,1,1,100,200,0.1426879200737161,0.15417326207100454,0.16879786373004285,0.10509263442010099,0.6495870870870871,0.5639063721255502,0.7420152946468735,90
random,1,2,110,220,0.13847524858037527,0.15425736578569332,0.16267897989887659,0.09848940005655595,0.61195029563932,0.5971926264163706,0.7702958979554723,90
random,1,3,120,240,0.13812584898354396,0.15655889782288554,0.16350795728515358,0.0943106918425928,0.6065922381711856,0.5805179615705931,0.810265197878417,90
random,1,4,130,260,0.13516090840171785,0.15484930367877145,0.15804082426983831,0.0925925972565438,0.6365561906357083,0.6099361377848859,0.7716871229457043,90
random,1,5,140,280,0.13234628540880958,0.15334224389844855,0.15280146014491788,0.09089515218306232,0.671351258560561,0.6641081871345028,0.8029462572810057,90
random,1,6,150,300,0.12923203162454108,0.1482347704824392,0.14703785102321013,0.09242347336797392,0.6844248810635366,0.6914270914270914,0.7957727716763862,90
sobol,1,0,90,180,0.14454708092583066,0.17032764373275003,0.16055831372926282,0.10275528531547903,0.5188287558111084,0.5563304275633042,0.7728070175438596,90
sobol,1,1,100,200,0.13931583625166463,0.16123270305319587,0.16310716817629725,0.09360763752550076,0.600605889726605,0.5674396135265701,0.8073344280240832,90
sobol,1,2,110,220,0.13699906909328954,0.15637770357863426,0.15913073491119978,0.09548876879003461,0.6491780991224817,0.5812997903563941,0.7926698951132275,90
sobol,1,3,120,240,0.13277823629714805,0.15456370276046313,0.152310276470967,0.09146072966001406,0.6315796582697373,0.6434087148372863,0.78547055586131,90
sobol,1,4,130,260,0.13092648304427854,0.15204780635600407,0.1505193851131517,0.09021225766367987,0.642548907113046,0.6701631701631703,0.777106227106227,90
sobol,1,5,140,280,0.13020556622723908,0.15160007949156568,0.14813434625410277,0.09088227293604882,0.6686840655014957,0.6745552588464466,0.8021737128120107,90
sobol,1,6,150,300,0.1275924878235958,0.14995923879657602,0.14619413598756908,0.08662408868664233,0.7167922920626597,0.6787954139995401,0.8161535261077595,90
uncertainty,1,0,90,180,0.14454708092583066,0.17032764373275003,0.16055831372926282,0.10275528531547903,0.5188287558111084,0.5563304275633042,0.7728070175438596,90
uncertainty,1,1,100,200,0.1344479366645231,0.15720812947849883,0.15026306292285996,0.09587261759221048,0.6159530288179714,0.5777183272031667,0.7931202257577968,90
uncertainty,1,2,110,220,0.13341814829647525,0.15199366084750748,0.15524738940180968,0.09301339464010858,0.6519021056334489,0.603529574925456,0.8219896303383717,90
uncertainty,1,3,120,240,0.13210293284702967,0.1483544430100785,0.15388550443176235,0.0940688510992482,0.644130705205352,0.599083927024476,0.7827652589422299,90
uncertainty,1,4,130,260,0.13119589143798194,0.14772214550273138,0.15329017732765027,0.09257535148356415,0.6473074737141233,0.5835126419279949,0.8138528138528138,90
uncertainty,1,5,140,280,0.12961153687330187,0.14577718545811488,0.15253523898186327,0.09052218617992747,0.6697940495745617,0.5924343146565368,0.8217941858391297,90
uncertainty,1,6,150,300,0.1300574001598694,0.1461223820716794,0.1524891405226951,0.09156067788523374,0.6604072641306683,0.6048106865966539,0.7992202729044835,90
random,2,0,90,180,0.12978660046650867,0.15435156759145788,0.1468339521027496,0.08817428170531855,0.6241770663772834,0.6096885046003768,0.7988128111692664,90
random,2,1,100,200,0.13009571664538463,0.15143575579877666,0.15149351833662753,0.08735787580074969,0.6158657011191573,0.59859390693003,0.7911650233523613,90
random,2,2,110,220,0.1270777369648515,0.14793682007401637,0.14818642332393167,0.08510996749660642,0.6372161172161173,0.599970344709058,0.8388888888888889,90
random,2,3,120,240,0.12696950329053147,0.1427223652460184,0.1547474864117234,0.08343865821385264,0.6893554698418023,0.5595477830771949,0.825559112353282,90
random,2,4,130,260,0.12615781215369956,0.14547535725519356,0.14797548184766685,0.08502259735823826,0.6502004581901488,0.6363636363636364,0.8427133528877716,90
random,2,5,140,280,0.12422482913333477,0.1456924547070194,0.14531475292386406,0.08166727976912085,0.6662826420890937,0.6872897455393021,0.8483467037683905,90
random,2,6,150,300,0.12018519995428067,0.14443576011634823,0.1403825598776623,0.07573727986883151,0.6947519454431897,0.6371014492753623,0.8493807890130021,90
sobol,2,0,90,180,0.12978660046650867,0.15435156759145788,0.1468339521027496,0.08817428170531855,0.6241770663772834,0.6096885046003768,0.7988128111692664,90
sobol,2,1,100,200,0.12828262484492156,0.15544651450472832,0.1464472441780081,0.08295411585202819,0.6041425180769443,0.5824915824915825,0.8328016519519373,90
sobol,2,2,110,220,0.12458150256470313,0.15319272566745143,0.14187990178226179,0.07867188024439617,0.6059195211173928,0.6413359788359788,0.818104405655765,90
sobol,2,3,120,240,0.12474262079765937,0.15843861765095518,0.1384751169236193,0.07731412781840366,0.5870353302611367,0.6629365864596021,0.870531911769025,90
sobol,2,4,130,260,0.12371723043787003,0.15382447246745265,0.13967967546042145,0.077647543385736,0.6238582634859231,0.6619464799435488,0.8321455073311559,90
sobol,2,5,140,280,0.12027071327682408,0.14906813947229322,0.13518225949725085,0.07656174086092817,0.6453328834907782,0.6909184726522187,0.8232097079275266,90
sobol,2,6,150,300,0.11956467440641942,0.1455416152813263,0.13703953718577347,0.07611287075215842,0.6341259908218606,0.6868936078558071,0.8491137938219513,90
uncertainty,2,0,90,180,0.12978660046650867,0.15435156759145788,0.1468339521027496,0.08817428170531855,0.6241770663772834,0.6096885046003768,0.7988128111692664,90
uncertainty,2,1,100,200,0.12693246934082136,0.15240054792253196,0.1396761324006664,0.08872072769926578,0.6186834745302487,0.6447521593222204,0.7821673578795018,90
uncertainty,2,2,110,220,0.1239827500936694,0.14707038019803215,0.13647073332899984,0.08840713675397623,0.6421768707482993,0.6862038509097333,0.8070289819815436,90
uncertainty,2,3,120,240,0.1247349523997201,0.1499790378402185,0.13659651960369557,0.08762929975524628,0.6686021505376344,0.6767557724024189,0.8351473526958073,90
uncertainty,2,4,130,260,0.1229774174615121,0.1487808621349356,0.13530277078560426,0.0848486194639965,0.6940248253681088,0.6925925925925925,0.818884771506854,90
uncertainty,2,5,140,280,0.11882499233289319,0.14162497069258842,0.130254987554258,0.08459501875183319,0.6853027556078862,0.6942831140895175,0.8258750926816317,90
uncertainty,2,6,150,300,0.11920752832964177,0.14066367962636347,0.13191716321787214,0.08504174214468965,0.6912408635910939,0.7172937643525877,0.822902865456057,90
random,3,0,90,180,0.1330261463983098,0.15418624132718248,0.15409785278646088,0.0907943450812861,0.6347409049848075,0.6007220337283348,0.8092283110938377,90
random,3,1,100,200,0.1301592357817773,0.15351459957593422,0.15433380552209902,0.08262930224729864,0.6479204369446482,0.5969847731041761,0.8211553594695357,90
random,3,2,110,220,0.12636473829844674,0.15175395052026638,0.1513766263187237,0.07596363805635013,0.6459639683704247,0.5915124138721134,0.8468365697890471,90
random,3,3,120,240,0.12329342349287165,0.14941088138043282,0.14548498365429657,0.07498440544388553,0.6567595459236326,0.6111366505875878,0.8616518744846986,90
random,3,4,130,260,0.12187184871371252,0.15265707061708772,0.1409992250264058,0.07195925049764404,0.6644721610825793,0.6407574818530789,0.837048647393475,90
random,3,5,140,280,0.11949860785986478,0.14525334099347606,0.1421063411313249,0.07113614145479341,0.6786377708978328,0.6400332512847088,0.8778344081547743,90
random,3,6,150,300,0.12043107984971767,0.1501347342898513,0.14058588965992613,0.07057261559937557,0.6278326050310142,0.6225675649457735,0.8832401980827768,90
sobol,3,0,90,180,0.1330261463983098,0.15418624132718248,0.15409785278646088,0.0907943450812861,0.6347409049848075,0.6007220337283348,0.8092283110938377,90
sobol,3,1,100,200,0.1300493639642575,0.15050098285302219,0.15330379370628922,0.08634331533346111,0.6616926222543812,0.595459119413031,0.7948038176033935,90
sobol,3,2,110,220,0.1271531848102989,0.1480146733581931,0.14909957443695046,0.0843453066357532,0.6702441077441078,0.5869636743586324,0.8193848819579813,90
sobol,3,3,120,240,0.12315702490317175,0.144980573977509,0.14497663671567232,0.07951386401633392,0.6942237634517445,0.6316071234203435,0.8463203463203463,90
sobol,3,4,130,260,0.12353014137367628,0.14674043347598273,0.14435645100215838,0.07949353964288776,0.6796562579766868,0.6253411536241011,0.8275534851621807,90
sobol,3,5,140,280,0.12083090243273394,0.14482394435645485,0.14037965679635955,0.07728910614538742,0.7024178912241671,0.6687405241498808,0.8524760702299631,90
sobol,3,6,150,300,0.12036100297997503,0.14396286524310206,0.14111135244110204,0.07600879125572094,0.6878610824700088,0.6889850889850889,0.8285153785659346,90
uncertainty,3,0,90,180,0.1330261463983098,0.15418624132718248,0.15409785278646088,0.0907943450812861,0.6347409049848075,0.6007220337283348,0.8092283110938377,90
uncertainty,3,1,100,200,0.12838775212624273,0.1488172852885709,0.15030902445660216,0.08603694663355509,0.6763262322472849,0.6056099661519357,0.8176948265418087,90
uncertainty,3,2,110,220,0.12769964886761395,0.14775557258440472,0.14854093335236973,0.08680244066606735,0.6958443854995578,0.5928221794254535,0.7841933358565681,90
uncertainty,3,3,120,240,0.12684237836626194,0.14026674367271896,0.15325561282127936,0.0870047786047875,0.6708250423457054,0.5747345682370435,0.8344489067380634,90
uncertainty,3,4,130,260,0.12219648969961942,0.13918756607318342,0.14421570892839192,0.08318619409728287,0.6910890482319054,0.655504004418669,0.8069976001010484,90
uncertainty,3,5,140,280,0.12065517695842291,0.1375628616810295,0.1412506362631182,0.08315203293112103,0.6903769401330377,0.6237613918806959,0.8315152929281145,90
uncertainty,3,6,150,300,0.11966430554908326,0.13631362479417955,0.13911269820427508,0.0835665936487952,0.711522633744856,0.6699693885993216,0.7974903694553257,90
random,4,0,90,180,0.13356373984316197,0.15863810096581224,0.1529123745403946,0.08914074402327903,0.6129421698845223,0.5686963737449174,0.7628658889716223,90
random,4,1,100,200,0.13251054017133082,0.16050141759286787,0.1506602229797292,0.08636997994139539,0.5567962503446374,0.6145158906134517,0.7720455749867514,90
random,4,2,110,220,0.12992222992736305,0.15225333967218532,0.15182749620836844,0.08568585390153538,0.6814780706803268,0.6129019495356128,0.8121485893935634,90
random,4,3,120,240,0.12816260755948353,0.15409803323757792,0.14885998823189237,0.08152980120898036,0.670777734594291,0.621805245304873,0.8174004587645952,90
random,4,4,130,260,0.12414260736742407,0.14941882382607877,0.1420596257430671,0.08094937253312634,0.6762271412747873,0.641519237263918,0.7986947229985204,90
random,4,5,140,280,0.129873861443791,0.1534634755777001,0.15305042066006314,0.08310768809360983,0.6387884335630376,0.6164032727543524,0.789298245614035,90
random,4,6,150,300,0.12805955752606699,0.1517654214361466,0.15191771911676227,0.08049553202529208,0.6510569158353845,0.5944444444444444,0.808034188034188,90
sobol,4,0,90,180,0.13356373984316197,0.15863810096581224,0.1529123745403946,0.08914074402327903,0.6129421698845223,0.5686963737449174,0.7628658889716223,90
sobol,4,1,100,200,0.12968664805931696,0.15926629967549424,0.14838940565634934,0.08140423884610724,0.585653650254669,0.5908964824627475,0.8309141838553603,90
sobol,4,2,110,220,0.12372602846954671,0.15579043189820696,0.1404017177938218,0.07498593571661134,0.6120144443319496,0.5961799041067334,0.8335805685203276,90
sobol,4,3,120,240,0.12216647952608974,0.15292026657061825,0.13939884037931988,0.07418033162833108,0.6110523289637974,0.6188895742160346,0.8426512651265127,90
sobol,4,4,130,260,0.1232210905709371,0.1535477282512049,0.14169381541632012,0.07442172804528623,0.6722968062727098,0.6531423409472189,0.8517673414747424,90
sobol,4,5,140,280,0.12278340679397097,0.15340516494073472,0.14155726689530757,0.07338778854587058,0.6479088958574022,0.6400347480764458,0.8347214838442909,90
sobol,4,6,150,300,0.11975561134370559,0.14949487990557983,0.13784463769538552,0.07192731643015142,0.6710563677525805,0.655124262142942,0.8596596301750941,90
uncertainty,4,0,90,180,0.13356373984316197,0.15863810096581224,0.1529123745403946,0.08914074402327903,0.6129421698845223,0.5686963737449174,0.7628658889716223,90
uncertainty,4,1,100,200,0.1300597681062405,0.15924775802250596,0.146017956933934,0.08491358936228152,0.5896136600945888,0.6102166800018214,0.7835033742494287,90
uncertainty,4,2,110,220,0.12621775715714104,0.14881694844821294,0.1458078429649539,0.08402848005825625,0.6328992112461763,0.6232999976453096,0.7646511627906977,90
uncertainty,4,3,120,240,0.1257045802680744,0.1472202861002212,0.14789708322928138,0.08199637147472058,0.7107082348624646,0.6560677695070257,0.7904722452361227,90
uncertainty,4,4,130,260,0.12389504304457487,0.1470991569977941,0.14570571440414096,0.07888025773178953,0.6784259959860913,0.6454323331399743,0.8303872053872053,90
uncertainty,4,5,140,280,0.12302621532647336,0.14542807652417478,0.14611948443245912,0.07753108502278613,0.6784259959860913,0.6443406278173921,0.8491137938219513,90
uncertainty,4,6,150,300,0.12238483241354485,0.1429202397923248,0.14697573043229412,0.07725852701601568,0.6713768115942029,0.6431535947712419,0.8579190118824266,90
random,5,0,90,180,0.12899889490956412,0.1571877534904581,0.14888740470585643,0.08092152653237782,0.639443023586246,0.6115970990925684,0.8461149568328538,90
random,5,1,100,200,0.12799010464091617,0.1586077105885014,0.14498160629892534,0.08038099703532178,0.6614778565642444,0.6306341412724391,0.8298160103013489,90
random,5,2,110,220,0.12497150029920044,0.15860583923219507,0.14063843527057354,0.07567022639483272,0.6613919413919415,0.6657016352462833,0.801922175339897,90
random,5,3,120,240,0.12307694004878443,0.15223564409163615,0.1422243126159621,0.07477086343875498,0.6568460524982265,0.6678945690181646,0.8022064617809298,90
random,5,4,130,260,0.12138653645725661,0.14984399814507252,0.13927353685939564,0.0750420743673017,0.701692122087902,0.6555928574903908,0.8269370865751667,90
random,5,5,140,280,0.12132673891944329,0.14919670112795044,0.1405638011259332,0.07421971450444625,0.7027340246495551,0.6696595160604714,0.8415931499740529,90
random,5,6,150,300,0.12080646761490765,0.15209988786331036,0.13863112153395396,0.07168839344745861,0.6996537834148939,0.6878694025035488,0.8603772114410413,90
sobol,5,0,90,180,0.12899889490956412,0.1571877534904581,0.14888740470585643,0.08092152653237782,0.639443023586246,0.6115970990925684,0.8461149568328538,90
sobol,5,1,100,200,0.12800009563556744,0.1526802401187282,0.15180223126968545,0.07951781551828865,0.6227011012353961,0.5735665108799437,0.8382425923222887,90
sobol,5,2,110,220,0.12445181822905477,0.15120185174373235,0.14559745436881244,0.0765561485746195,0.6458762381092479,0.6236360131096973,0.8381525130543026,90
sobol,5,3,120,240,0.123262030833865,0.1531304583984546,0.14220874655100493,0.0744468875521355,0.6565983170325147,0.6196174196174197,0.8456287683031869,90
sobol,5,4,130,260,0.12314679483631491,0.15435653626241852,0.13993562411307328,0.07514822413345297,0.6695944956814522,0.635227840625142,0.8324623524623526,90
sobol,5,5,140,280,0.1203857013510911,0.14730709046836932,0.13923528147690933,0.07461473210799466,0.6642376812952505,0.6435518504484022,0.8377331480779757,90
sobol,5,6,150,300,0.11721942414375162,0.14640824902631724,0.1355101810278019,0.06973984237713572,0.6724232912832063,0.7094507743165842,0.8314185814185815,90
uncertainty,5,0,90,180,0.12899889490956412,0.1571877534904581,0.14888740470585643,0.08092152653237782,0.639443023586246,0.6115970990925684,0.8461149568328538,90
uncertainty,5,1,100,200,0.12720491023793912,0.16021564655310852,0.14365297218544484,0.077746111975264,0.6385867461159084,0.6338162087787275,0.8461149568328538,90
uncertainty,5,2,110,220,0.12351431722890316,0.15292981973154143,0.13981389859117765,0.0777992333639904,0.6536479487396104,0.6400150369117293,0.8461149568328538,90
uncertainty,5,3,120,240,0.12054318780175895,0.1483328327958022,0.1405115753633517,0.07278515524612296,0.6728705788135164,0.6260521885521885,0.82864044168392,90
uncertainty,5,4,130,260,0.1205210107735802,0.1458971237495845,0.1414719942268043,0.07419391434435184,0.6808814176936696,0.6288430989285411,0.8355232777801099,90
uncertainty,5,5,140,280,0.12153254089095905,0.14300956653951685,0.14536962247607368,0.07621843365728657,0.7132428940568475,0.6159605330011636,0.8176948265418087,90
uncertainty,5,6,150,300,0.11932646994703144,0.14232502269115793,0.14160209954503272,0.0740522876049037,0.7079612023432249,0.6203258942984969,0.818884771506854,90
random,6,0,90,180,0.14084452580088982,0.1654197241126504,0.16455395343468543,0.09255989985533358,0.6020041180507892,0.5013461538461539,0.7346075266867347,90
random,6,1,100,200,0.13637256407207918,0.1594206719582483,0.1603801050071643,0.08931691525082493,0.6168724619347504,0.5422216672216672,0.7777386908484468,90
random,6,2,110,220,0.1338527508606898,0.16121445477498839,0.1541562050669226,0.08618759274015841,0.6308867406611767,0.572047423620611,0.824469352393329,90
random,6,3,120,240,0.13299462855427707,0.16169674285555405,0.15548823229803957,0.08179891050923761,0.6305090595340811,0.6101971299793442,0.8250000000000001,90
random,6,4,130,260,0.13043203967358566,0.1585175495130049,0.15189320919345609,0.08088536031429602,0.6344512073835382,0.6346226631772702,0.8277699603919116,90
random,6,5,140,280,0.1298795492761902,0.1536522235515046,0.15355995583953663,0.08242646843752936,0.6481046879493816,0.635392829900839,0.8535603715170278,90
random,6,6,150,300,0.1304609333779954,0.1508857250566034,0.1552900617467783,0.08520701333060451,0.6974167665411906,0.6068594910700175,0.8268370411227554,90
sobol,6,0,90,180,0.14084452580088982,0.1654197241126504,0.16455395343468543,0.09255989985533358,0.6020041180507892,0.5013461538461539,0.7346075266867347,90
sobol,6,1,100,200,0.13729583522700647,0.16547755973592895,0.1601773636723813,0.0862325822727092,0.6114654075251869,0.5537583997499609,0.796520130122064,90
sobol,6,2,110,220,0.13207208186826846,0.16015064815168703,0.15404105313483682,0.08202454431828156,0.631172259338077,0.6031768057716854,0.7650915660671758,90
sobol,6,3,120,240,0.12821284426484544,0.1565305691373205,0.14726189320024227,0.0808460704569736,0.6343135657651787,0.6347458405500447,0.7920750074243773,90
sobol,6,4,130,260,0.1277266434627933,0.15144855756613484,0.1517847113842696,0.07994666143797546,0.6273222739388152,0.6117927798822707,0.815108954409935,90
sobol,6,5,140,280,0.12687398619168166,0.15242049906012012,0.14952390373299496,0.0786775557819299,0.61003074666441,0.6203186285645056,0.8157915502219298,90
sobol,6,6,150,300,0.12473209330375491,0.14664716756183957,0.14781145350121477,0.07973765884821042,0.6461944310704542,0.6093269041228829,0.8250000000000001,90
uncertainty,6,0,90,180,0.14084452580088982,0.1654197241126504,0.16455395343468543,0.09255989985533358,0.6020041180507892,0.5013461538461539,0.7346075266867347,90
uncertainty,6,1,100,200,0.13408634928933236,0.15393399281070208,0.15777424536037388,0.09055080969692114,0.6212121212121212,0.5606025320386252,0.7266711802903617,90
uncertainty,6,2,110,220,0.13062121520919126,0.15173959385213956,0.15175365871359348,0.08837039306184076,0.6060246249843309,0.6261070201276386,0.7543549482600184,90
uncertainty,6,3,120,240,0.12689565510204384,0.1495124767315532,0.1459464607209971,0.0852280278535812,0.6610847925512627,0.6388313047094832,0.7952780125172817,90
uncertainty,6,4,130,260,0.12557504939756187,0.13938535709005392,0.1500049537299099,0.08733483737272178,0.6762649213239283,0.6433014766025228,0.8060150862766681,90
uncertainty,6,5,140,280,0.1251614235791061,0.1419604537323684,0.14716042538829008,0.08636339161665982,0.679919765026148,0.6209237257386618,0.8068961417276025,90
uncertainty,6,6,150,300,0.12398907122971105,0.1412446933485862,0.1481663336956463,0.08255618664490068,0.7063003663003663,0.6639573652397389,0.7983812483812485,90
random,7,0,90,180,0.13337671772982732,0.16829324179868693,0.14653591214475892,0.0853009992460361,0.6179158040027605,0.643263629760254,0.7563060245987074,90
random,7,1,100,200,0.13068891174360198,0.15423624951813247,0.15104980700772275,0.08678067870495068,0.6721563460693897,0.5913474385088814,0.7632050177930161,90
random,7,2,110,220,0.1261669047825426,0.1506178325385629,0.1428924309227936,0.08499045088627133,0.6896327280524454,0.6054853016882928,0.7790738013418426,90
random,7,3,120,240,0.1225733609350993,0.14619997297395648,0.14047653595516782,0.08104357387617357,0.6895053526977292,0.5970128895860328,0.7475199864696966,90
random,7,4,130,260,0.12425921825275484,0.14420054771795113,0.14780334059873027,0.0807737664415831,0.6998010949623853,0.5905678285059728,0.7845931715790044,90
random,7,5,140,280,0.12347255953421776,0.14228028781991867,0.1498474852994024,0.07828990548333228,0.7608975303186528,0.5875112682893003,0.7971623797710755,90
random,7,6,150,300,0.12337965196936303,0.14280791608501084,0.1494745866040773,0.07785645321900092,0.7205187285832446,0.5646714708980275,0.8182158213479566,90
sobol,7,0,90,180,0.13337671772982732,0.16829324179868693,0.14653591214475892,0.0853009992460361,0.6179158040027605,0.643263629760254,0.7563060245987074,90
sobol,7,1,100,200,0.13087234295891662,0.1659138269844945,0.14673070296066512,0.07997249893159021,0.633853151397011,0.6226262626262625,0.8010465548382637,90
sobol,7,2,110,220,0.12667714382992415,0.16004804351218618,0.14244763354017173,0.07753575443741452,0.6172402760638055,0.627062063232276,0.8074522231825604,90
sobol,7,3,120,240,0.12440434526889543,0.15974582846543237,0.1384134086657721,0.07505379867548181,0.6171738709052143,0.6546142535893443,0.8308003655829742,90
sobol,7,4,130,260,0.12158597211309669,0.1517969729975834,0.1381158989630632,0.07484504437864344,0.6539327587545616,0.6497741644083107,0.8534142363923293,90
sobol,7,5,140,280,0.12148177351660411,0.1524819112159289,0.13697219842051325,0.07499121091337017,0.6382925414525822,0.6509469390397876,0.8464116290203246,90
sobol,7,6,150,300,0.12048513769819526,0.1474217514481142,0.13865582026699758,0.075377841379474,0.6771178374262327,0.6590538283137904,0.8203023030609238,90
uncertainty,7,0,90,180,0.13337671772982732,0.16829324179868693,0.14653591214475892,0.0853009992460361,0.6179158040027605,0.643263629760254,0.7563060245987074,90
uncertainty,7,1,100,200,0.12978133144165135,0.16264292799353497,0.1413002737671722,0.08540079256424687,0.6315789473684209,0.5941520467836257,0.7839748244977004,90
uncertainty,7,2,110,220,0.12371625374093441,0.14974175460486921,0.13816010801255307,0.08324689860538094,0.6787352530226999,0.6050003491863957,0.7518802482657904,90
uncertainty,7,3,120,240,0.12508255112348735,0.14728468844415762,0.14276901773711428,0.0851939471891901,0.6905340273761326,0.5995802114883895,0.7348837209302325,90
uncertainty,7,4,130,260,0.12187417812163205,0.14463263668988177,0.14003609182078536,0.08095380585422902,0.6499791405924071,0.624003886299132,0.7593369593369594,90
uncertainty,7,5,140,280,0.11994744326158148,0.14385210857670674,0.13626493991126187,0.07972528129677585,0.6691291132549226,0.634005158757634,0.7593369593369594,90
uncertainty,7,6,150,300,0.11679212491073869,0.137872833469906,0.13453283940366106,0.07797070185864896,0.704273333555267,0.6087564800436088,0.7805002782666245,90
random,8,0,90,180,0.13890389630997985,0.1500054788283123,0.17154928365204378,0.09515692644958347,0.7030261043784843,0.4500896663935108,0.721760936193926,90
random,8,1,100,200,0.13597105019849617,0.14994042376504046,0.16713431159637515,0.09083841523407293,0.7006441834028041,0.5320983630305663,0.7262468931234465,90
random,8,2,110,220,0.13192976722999275,0.14715394459193312,0.16036165090062623,0.08827370619741891,0.6794427461593878,0.5938687480743555,0.7171650055370987,90
random,8,3,120,240,0.1317912251631411,0.14902266149787524,0.15966336830853795,0.08668764568301011,0.6666230183672044,0.5790798424510845,0.7073473778115931,90
random,8,4,130,260,0.13081002563254548,0.14116036838399623,0.16271579827225932,0.08855391024138094,0.722226543257888,0.5808917840731203,0.7391304347826088,90
random,8,5,140,280,0.12925663036193963,0.14212278053329147,0.1590115287833174,0.08663558176920998,0.6757478005865103,0.5874053731081473,0.7362962962962962,90
random,8,6,150,300,0.12736692079011405,0.1394233610910893,0.15576742493582113,0.08690997634343173,0.7406543588936126,0.6166816471379728,0.7593533482175041,90
sobol,8,0,90,180,0.13890389630997985,0.1500054788283123,0.17154928365204378,0.09515692644958347,0.7030261043784843,0.4500896663935108,0.721760936193926,90
sobol,8,1,100,200,0.1329894449161971,0.14953994523295525,0.16358683157987747,0.08584155793575851,0.706876456876457,0.53896832071769,0.7260451179428964,90
sobol,8,2,110,220,0.13000199132568593,0.15365586085525562,0.1548072196068341,0.08154289351496814,0.712811990876507,0.5833920601362462,0.7560213274498988,90
sobol,8,3,120,240,0.1292806983542951,0.15691077362180433,0.15151406455245345,0.07941725688862741,0.6771606771606772,0.5804815300228144,0.767966894951022,90
sobol,8,4,130,260,0.13007025916538512,0.15884531559689552,0.15239226482196835,0.07897319707729149,0.6664909366410366,0.5860261243096344,0.7969286601421377,90
sobol,8,5,140,280,0.126853274261417,0.15204719955787516,0.14858207172200902,0.07993055150436681,0.6549403610573824,0.643768115942029,0.767966894951022,90
sobol,8,6,150,300,0.12351215079436044,0.15070394259713027,0.14447983807820033,0.07535267170775076,0.6985903704682613,0.6647840295538505,0.8050817990577027,90
uncertainty,8,0,90,180,0.13890389630997985,0.1500054788283123,0.17154928365204378,0.09515692644958347,0.7030261043784843,0.4500896663935108,0.721760936193926,90
uncertainty,8,1,100,200,0.13378816130586405,0.14329929753718504,0.16781962087295663,0.09024556550745046,0.6769895937187761,0.503481798688273,0.7162646876932591,90
uncertainty,8,2,110,220,0.12882867875212559,0.13979897694523732,0.1616364758838343,0.08505058342730512,0.7015594541910332,0.5420695568476702,0.7520934549907178,90
uncertainty,8,3,120,240,0.12369644168933053,0.14010516761792177,0.15121271028073108,0.07977144716933877,0.7221081785597914,0.5803729876202115,0.7911470621278508,90
uncertainty,8,4,130,260,0.12035873908816323,0.1392972933283921,0.14343741348955252,0.07834151044654501,0.7232612646568887,0.5929186411035418,0.7999581617479764,90
uncertainty,8,5,140,280,0.118968399812086,0.140810410439963,0.14083827195178275,0.07525651704451217,0.7372549019607844,0.6114934844255765,0.8264404383174266,90
uncertainty,8,6,150,300,0.11789328555202332,0.14226707122262858,0.13981555377955937,0.07159723165388196,0.7453232289035304,0.6676185224572322,0.8101802757158006,90
random,9,0,90,180,0.13519958263204568,0.157962107209773,0.1614967638935608,0.08613987679280322,0.6412637126922841,0.6225975380904959,0.8185981385388353,90
random,9,1,100,200,0.13841178686287603,0.153253913252791,0.17387003214595342,0.08811141518988362,0.6767776341305752,0.6002605044661119,0.8111446853892641,90
random,9,2,110,220,0.13131382745811973,0.1423211101193602,0.1680457761633276,0.08357459609167142,0.7028232658525257,0.5901777235110569,0.8243583687608251,90
random,9,3,120,240,0.1301147244454226,0.1365239037271194,0.16923102096045967,0.08458924864868878,0.7107526043696256,0.5789473684210527,0.80640522875817,90
random,9,4,130,260,0.12245773435667816,0.13499824682922906,0.15203707439061148,0.08033788185019392,0.7039141414141414,0.6432594718104044,0.8046963466237559,90
random,9,5,140,280,0.12243727116325015,0.13689839947967383,0.15103498457586487,0.07937842943421174,0.7351726287896501,0.6131619424302351,0.8535603715170278,90
random,9,6,150,300,0.12132279515972814,0.13366336239923532,0.15114807364221805,0.07915694943773104,0.7375841750841751,0.6498917748917749,0.830827067669173,90
sobol,9,0,90,180,0.13519958263204568,0.157962107209773,0.1614967638935608,0.08613987679280322,0.6412637126922841,0.6225975380904959,0.8185981385388353,90
sobol,9,1,100,200,0.13619931312613529,0.1595950303560689,0.16253643819876318,0.0864664708235738,0.6495002939447384,0.6314521477357903,0.8188131313131314,90
sobol,9,2,110,220,0.1303371028734471,0.15429973482241777,0.15302426213599363,0.08368731166192991,0.6492054208512273,0.6274377497287714,0.830827067669173,90
sobol,9,3,120,240,0.12833422626183785,0.15805327668163224,0.1466264024105815,0.08032299969329984,0.6330911471117656,0.6717423295306558,0.8398692810457516,90
sobol,9,4,130,260,0.1253221190598324,0.15151011216780827,0.14530433091145817,0.07915191410023084,0.7097066937708726,0.7071500847885019,0.8553354528409555,90
sobol,9,5,140,280,0.12498188929892033,0.15325155267671334,0.1437919868162141,0.07790212840383352,0.720409982174688,0.6704451345755693,0.8475355054302423,90
sobol,9,6,150,300,0.12456686591643895,0.15482565387250052,0.1407229473555109,0.07815199652130542,0.6584729368459233,0.6970560670911393,0.8552169422049815,90
uncertainty,9,0,90,180,0.13519958263204568,0.157962107209773,0.1614967638935608,0.08613987679280322,0.6412637126922841,0.6225975380904959,0.8185981385388353,90
uncertainty,9,1,100,200,0.12946022249341457,0.15215948313456615,0.1516456411840464,0.08457554316163117,0.6776930596285435,0.644475615377218,0.8303197984049048,90
uncertainty,9,2,110,220,0.12914453209859741,0.14707083010025215,0.15262664239967996,0.08773612379586007,0.6852557154038362,0.6298684145724481,0.8116385464929917,90
uncertainty,9,3,120,240,0.12303582151713617,0.1412514661002494,0.14563890239676705,0.0822170960543921,0.7016170435408183,0.6518116586609737,0.8264404383174266,90
uncertainty,9,4,130,260,0.1258366431758379,0.14301199778631654,0.1489019750060386,0.0855959567351585,0.645437991182672,0.6589890750820876,0.8006926710342582,90
uncertainty,9,5,140,280,0.1247415483402532,0.14326037661624955,0.14714045863804748,0.08382380976646256,0.6823201767021992,0.6800299316160888,0.8180690924842972,90
uncertainty,9,6,150,300,0.12320159664037073,0.1449917414509626,0.1441382747274853,0.08047477374266425,0.6767734553775743,0.6858839494110622,0.8105765525994567,90
