run_id,policy,round,candidate_id,process_group_id,temperature_K,wjfet_scale,npwell_scale,qit_eff_cm2,mu_channel_scale,mesh_hash,physics_hash,solver_hash,seed,converged,retry_count,runtime_s,vth_V,ron_norm,ss_mV_dec,ion_A_per_cm,ioff_A_per_cm,code_commit,created_at,vth_interp_V,ss_interp_mV_dec,refined,gm_max_S_per_cm,vg_at_gm_max_V,ron_mohm_cm2,id_vds_req_A_per_cm,vds_reached_V,kcl_floor_A_per_cm,ioff_below_floor,ss_window_resolved,logid_vg4,logid_vg5,logid_vg6,logid_vg7,logid_vg8,logid_vg10,logid_vg12,logid_vg14,logid_vg16,logid_vg18,logid_vg20,error_code,n_nodes,n_solves,mesh_scale,extended,holes,config_version
A_base_T300,manual,0,A_base,A_base,300.0,1.0,1.0,-1000000000000.0,1.0,bb741045ab7f,1dab7e7ac807,5e1d50a6e395,0,True,0,194.495,3.76458828502107,2.000349545504276,112.47255761171782,0.01762818389124896,8.025626420527695e-14,90dc2e5,2026-10-03T02:16:53+00:00,3.7717905653890846,112.39220787823656,True,0.0038616437548674733,4.25,2.000349545504276,0.3372555963460616,5.0,1.284126795169211e-12,True,True,-3.1102172630745772,-2.3729968175020044,-2.181542301115894,-2.0763268190044712,-2.0061139049792307,-1.9145189034997647,-1.855198395171923,-1.8125434153885787,-1.7798812152635957,-1.753792427725419,-1.7323114774324315,,10964,92,1.5,False,False,v1.1-frozen
A_base_T423,manual,0,A_base,A_base,423.0,1.0,1.0,-1000000000000.0,1.0,bb741045ab7f,1dab7e7ac807,5e1d50a6e395,0,True,0,199.213,3.5304293440340695,2.8709211286486176,155.72809861964475,0.012233166897847095,1.6897901579650449e-13,90dc2e5,2026-10-03T02:16:57+00:00,3.538400939474089,155.9690390706271,True,0.004555240207392924,4.0,2.8709211286486176,0.239716581037117,5.0,2.8897888251679654e-12,True,True,-2.7323461395868813,-2.2859472364226585,-2.159050557914832,-2.092721103408202,-2.050379126102786,-1.9977255873849118,-1.9652249275654026,-1.9426148689112228,-1.925714071926709,-1.9124610991192057,-1.9017074094305466,,10964,92,1.5,False,False,v1.1-frozen
A_mu_+10pct_T300,manual,0,A_mu_+10pct,A_mu_+10pct,300.0,1.0,1.0,-1000000000000.0,1.1,bb741045ab7f,1dab7e7ac807,5e1d50a6e395,0,True,0,195.513,3.7578069202835374,1.9206959729628224,112.37070380741365,0.01835128216590201,8.025626420527695e-14,90dc2e5,2026-10-03T02:40:08+00:00,3.761785093201329,112.4165584900183,True,0.0041789182583592405,4.25,1.9206959729628224,0.35198362081884804,5.0,1.284126795169211e-12,True,True,-3.0719724326317297,-2.3397440867941204,-2.151428270834343,-2.0484934133743207,-1.9800691636716279,-1.891174003168306,-1.8338461372270527,-1.7927516227057367,-1.7613596176522368,-1.7363335871000045,-1.7157604314056687,,10964,92,1.5,False,False,v1.1-frozen
A_mu_+10pct_T423,manual,0,A_mu_+10pct,A_mu_+10pct,423.0,1.0,1.0,-1000000000000.0,1.1,bb741045ab7f,1dab7e7ac807,5e1d50a6e395,0,True,0,199.051,3.5234295857190063,2.816825329621483,155.61798733998756,0.012465974365610179,1.6897901579650449e-13,90dc2e5,2026-10-03T02:40:26+00:00,3.529755256138253,155.90362901112854,True,0.004832875651211718,4.0,2.816825329621483,0.244527220243283,5.0,2.87928521545026e-12,True,True,-2.702276350190563,-2.2639433692925213,-2.1408819477926087,-2.0768968484385026,-2.0361795292124354,-1.9856881806928388,-1.9546020721649733,-1.9330135029232984,-1.9168975536615314,-1.9042737705039827,-1.8940402656138398,,10964,92,1.5,False,False,v1.1-frozen
A_mu_+20pct_T300,manual,0,A_mu_+20pct,A_mu_+20pct,300.0,1.0,1.0,-1000000000000.0,1.2,bb741045ab7f,1dab7e7ac807,5e1d50a6e395,0,True,0,123.438,3.7517607983845185,1.853790487089289,112.28948427468933,0.019006452550661013,8.025626420527695e-14,90dc2e5,2026-10-03T02:41:26+00:00,3.7526829742583105,112.33515925736182,True,0.0044863590176363564,4.25,1.853790487089289,0.36535632783795746,5.0,1.284126795169211e-12,True,True,-3.037290822457726,-2.3098899677720923,-2.1245560351206607,-2.023763184782914,-1.9570046295109171,-1.8706004787779351,-1.8150937024638367,-1.7754153425090633,-1.7451698379081049,-1.7210989342360594,-1.701338763154437,,10964,92,1.5,False,False,v1.1-frozen
A_mu_+20pct_T423,manual,0,A_mu_+20pct,A_mu_+20pct,423.0,1.0,1.0,-1000000000000.0,1.2,bb741045ab7f,1dab7e7ac807,5e1d50a6e395,0,True,0,103.503,3.517194608656745,2.771147599420635,155.54563681211852,0.012669637410408514,1.6897901579650449e-13,90dc2e5,2026-10-03T02:41:37+00:00,3.521959831402726,155.87515168497634,True,0.00509208708101804,4.0,2.771147599420635,0.2487352995988595,5.0,2.8897888251679654e-12,True,True,-2.6754272116195685,-2.244601771774791,-2.1250193898434935,-2.0631350056410818,-2.0238625715297203,-1.9752811163077444,-1.9454370952170554,-1.9247422387319202,-1.9093113302924924,-1.8972358139178267,-1.8874550392405673,,10964,92,1.5,False,False,v1.1-frozen
A_mu_-10pct_T300,manual,0,A_mu_-10pct,A_mu_-10pct,300.0,1.0,1.0,-1000000000000.0,0.9,bb741045ab7f,1dab7e7ac807,5e1d50a6e395,0,True,0,198.267,3.7722885036671503,2.096896409671917,112.59204978748937,0.01682504021782098,8.025626420527695e-14,90dc2e5,2026-10-03T02:39:21+00:00,3.782891190428853,112.50741405953212,True,0.0035340287121058923,4.25,2.096896409671917,0.3209400073967605,5.0,1.284126795169211e-12,True,True,-3.152783088810347,-2.410391443972014,-2.215625459052257,-2.1079745328685537,-2.0358340298172797,-1.9413000638626277,-1.8797876577725232,-1.8354027549956673,-1.8013238387270543,-1.7740438889847077,-1.7515413573877345,,10964,93,1.5,False,False,v1.1-frozen
A_mu_-10pct_T423,manual,0,A_mu_-10pct,A_mu_-10pct,423.0,1.0,1.0,-1000000000000.0,0.9,bb741045ab7f,1dab7e7ac807,5e1d50a6e395,0,True,0,200.439,3.5383775747670683,2.9361020255772803,155.8612249941722,0.011964055548864474,1.6897901579650449e-13,90dc2e5,2026-10-03T02:39:52+00:00,3.548082061078549,156.0801687364074,True,0.004257103036500031,4.0,2.9361020255772803,0.23415561749179853,5.0,2.8897888251679654e-12,True,True,-2.766358139523411,-2.311260528794419,-2.1801103839957365,-2.111145031271366,-2.066960631621899,-2.0118357377234495,-1.9777069589372536,-1.9539161064540236,-1.9361054456891251,-1.9221215792156683,-1.9107627156673088,,10964,92,1.5,False,False,v1.1-frozen
A_mu_-20pct_T300,manual,0,A_mu_-20pct,A_mu_-20pct,300.0,1.0,1.0,-1000000000000.0,0.8,bb741045ab7f,1dab7e7ac807,5e1d50a6e395,0,True,1,217.432,3.7805763072017813,2.2165232340722643,112.73887172996788,0.01592648077028582,8.025626420527695e-14,90dc2e5,2026-10-03T02:36:51+00:00,3.7953468692581387,112.68676772737996,True,0.0031955206391141777,4.25,2.2165232340722643,0.302745882185158,5.0,1.284126795169211e-12,True,True,-3.2006966081627564,-2.452937146274755,-2.254667940009503,-2.1444073580418337,-2.070181064359682,-1.9724318929269042,-1.9084938255817123,-1.8621777879309231,-1.8265064824037065,-1.7978801784295104,-1.7742176102762248,,10964,93,1.5,False,False,v1.1-frozen
A_mu_-20pct_T423,manual,0,A_mu_-20pct,A_mu_-20pct,423.0,1.0,1.0,-1000000000000.0,0.8,bb741045ab7f,1dab7e7ac807,5e1d50a6e395,0,True,0,206.638,3.5475302609198347,3.0163236968106575,155.98297633642355,0.011648815805720102,1.6897901579650449e-13,90dc2e5,2026-10-03T02:37:05+00:00,3.5590502705972047,156.2491206286666,True,0.003936036174226738,4.0,3.0163236968106575,0.22764185588046018,5.0,2.87928521545026e-12,True,True,-2.8052949766364432,-2.340775347190129,-2.204875252192756,-2.1329204668374504,-2.0866258924333625,-2.02864442124494,-1.9926181405642174,-1.9674439390496643,-1.9485635615386923,-1.933718221863812,-1.9216447282652123,,10964,92,1.5,False,False,v1.1-frozen
A_npwell_+10pct_T300,manual,0,A_npwell_+10pct,A_npwell_+10pct,300.0,1.0,1.1,-1000000000000.0,1.0,bb741045ab7f,1dab7e7ac807,5e1d50a6e395,0,True,0,202.93,4.0150724436454475,2.032788496992903,114.43012563115506,0.017353341862869347,8.025626420527695e-14,90dc2e5,2026-10-03T02:26:56+00:00,4.022395662809137,114.44912431857868,True,0.003772442000879757,4.5,2.032788496992903,0.33122835322921934,5.0,8.421457975416047e-13,True,True,-4.086498827864594,-2.4642315034367748,-2.2263587247423144,-2.106283499003819,-2.028720298119399,-1.9297858438069524,-1.8667821209844697,-1.8219088707518256,-1.7877646889406682,-1.7606168774814333,-1.7383424114034896,,10964,92,1.5,False,False,v1.1-frozen
A_npwell_+10pct_T423,manual,0,A_npwell_+10pct,A_npwell_+10pct,423.0,1.0,1.1,-1000000000000.0,1.0,bb741045ab7f,1dab7e7ac807,5e1d50a6e395,0,True,0,185.063,3.7751648095922596,2.896951033402992,158.7374363657754,0.012125275256680385,1.6897901579650449e-13,90dc2e5,2026-10-03T02:26:38+00:00,3.7819477629074036,159.04543151658322,True,0.0044358858202724755,4.25,2.896951033402992,0.23735569662444667,5.0,2.107676757287413e-12,True,True,-3.1725241989110975,-2.3489469791512883,-2.189235508338648,-2.112109309840493,-2.064535997550889,-2.0068565850479225,-1.9719614820842017,-1.9479700731354992,-1.9301787864385684,-1.9163083936658623,-1.9051039665275877,,10964,92,1.5,False,False,v1.1-frozen
A_npwell_+20pct_T300,manual,0,A_npwell_+20pct,A_npwell_+20pct,300.0,1.0,1.2,-1000000000000.0,1.0,bb741045ab7f,1dab7e7ac807,5e1d50a6e395,0,True,2,223.338,4.249917783899558,2.0627355210422085,116.26855193592245,0.017107305841629162,8.025626420527695e-14,90dc2e5,2026-10-03T02:29:25+00:00,4.249935583910227,116.50001808007416,True,0.0036813507191940696,4.75,2.0627355210422085,0.32584503585149077,5.0,1.3887122032789081e-12,True,True,-5.766295337606434,-2.578241021193569,-2.2736011321733143,-2.136216354550792,-2.0507043405896126,-1.944214127021941,-1.8775594522410053,-1.8305331123387831,-1.7949701281535115,-1.7668183803035977,-1.7437972946019684,,10964,95,1.5,False,False,v1.1-frozen
A_npwell_+20pct_T423,manual,0,A_npwell_+20pct,A_npwell_+20pct,423.0,1.0,1.2,-1000000000000.0,1.0,bb741045ab7f,1dab7e7ac807,5e1d50a6e395,0,True,0,193.931,4.004853429287455,2.9209615269200704,161.63744124312728,0.012027445823054952,1.6897901579650449e-13,90dc2e5,2026-10-03T02:29:35+00:00,4.0063605006975616,162.0848981541605,True,0.004325051166669839,4.5,2.9209615269200704,0.2352164181973554,5.0,1.3376426065707127e-12,True,True,-4.022668895297696,-2.4265672720276728,-2.221556959695786,-2.131816797363128,-2.078525567225519,-2.0156014461748626,-1.9782983444413227,-1.9529466657310306,-1.9342905931249559,-1.9198265906757639,-1.9081921160847608,,10964,92,1.5,False,False,v1.1-frozen
A_npwell_-10pct_T300,manual,0,A_npwell_-10pct,A_npwell_-10pct,300.0,1.0,0.9,-1000000000000.0,1.0,bb741045ab7f,1dab7e7ac807,5e1d50a6e395,0,True,0,175.717,3.495634835873501,1.9646868104263697,110.45110750563569,0.01794067377629894,8.025626420527695e-14,90dc2e5,2026-10-03T02:25:40+00:00,3.496595271949315,110.50766214328544,True,0.003948634101486305,4.0,1.9646868104263697,0.3441277009386271,5.0,1.0333606802421882e-12,True,True,-2.717137913025062,-2.2948800341950126,-2.137992624114965,-2.0458129032731076,-1.982493567621203,-1.8981151479253546,-1.8425545062919966,-1.8022129127673472,-1.7711183009865614,-1.7461612507103292,-1.7255349794819737,,10964,92,1.5,False,False,v1.1-frozen
A_npwell_-10pct_T423,manual,0,A_npwell_-10pct,A_npwell_-10pct,423.0,1.0,0.9,-1000000000000.0,1.0,bb741045ab7f,1dab7e7ac807,5e1d50a6e395,0,True,0,188.289,3.2677866825755206,2.8422982195823314,152.59056925334647,0.012354068974473257,1.6897901579650449e-13,90dc2e5,2026-10-03T02:26:19+00:00,3.2730069144370377,152.85471877668243,True,0.004687735404696051,3.75,2.8422982195823314,0.24236490711897288,5.0,1.5598528235018225e-12,True,True,-2.5105925741126516,-2.232278148801583,-2.130295744935941,-2.073361532232551,-2.0358568712540066,-1.988062914247037,-1.9579639503017967,-1.936769403164362,-1.9207943341603988,-1.908189978265485,-1.8979136353740778,,10964,92,1.5,False,False,v1.1-frozen
A_npwell_-20pct_T300,manual,0,A_npwell_-20pct,A_npwell_-20pct,300.0,1.0,0.8,-1000000000000.0,1.0,bb741045ab7f,1dab7e7ac807,5e1d50a6e395,0,True,0,190.25,3.204449802074558,1.9247195397276113,108.30646150665501,0.018304502056078243,8.025626420527695e-14,90dc2e5,2026-10-03T02:23:31+00:00,3.214453410654694,108.83433184736302,True,0.00402463078622943,3.75,1.9247195397276113,0.3521731610355753,5.0,1.3771218266936177e-12,True,True,-2.509081908556663,-2.2242351048941336,-2.0945150921058153,-2.014038445942442,-1.9572973197763914,-1.8801280387262425,-1.8284664601658622,-1.7905769919245813,-1.7611686055956688,-1.7374420808900115,-1.7177528113221125,,10964,92,1.5,False,False,v1.1-frozen
A_npwell_-20pct_T423,manual,0,A_npwell_-20pct,A_npwell_-20pct,423.0,1.0,0.8,-1000000000000.0,1.0,bb741045ab7f,1dab7e7ac807,5e1d50a6e395,0,True,0,188.65,2.98350309513941,2.810251353581825,149.3075324870491,0.01249231249880074,1.6897901579650449e-13,90dc2e5,2026-10-03T02:23:32+00:00,2.9856952158399874,149.65638996215114,True,0.004808335050697112,3.5,2.810251353581825,0.24539817614932508,5.0,1.3596625656622276e-12,True,True,-2.37411791284127,-2.1846388472454232,-2.1023084037222017,-2.0536866177692277,-2.020708652501661,-1.9776641710079064,-1.95000017894943,-1.9302726624193953,-1.9152715267187324,-1.9033571603042105,-1.8935929944363663,,10964,92,1.5,False,False,v1.1-frozen
A_qit_+10pct_T300,manual,0,A_qit_+10pct,A_qit_+10pct,300.0,1.0,1.0,-1100000000000.0,1.0,bb741045ab7f,1dab7e7ac807,5e1d50a6e395,0,True,0,199.641,3.9965770751383602,2.0133313375590713,112.48171667843232,0.01751647720984042,8.025626420527695e-14,90dc2e5,2026-10-03T02:33:12+00:00,3.9973267109710595,112.65498183539002,True,0.003839823832996682,4.5,2.0133313375590713,0.3348900233194783,5.0,1.3183535061021057e-12,True,True,-3.9805970001125863,-2.4475779345429878,-2.2147388803113883,-2.096670846034468,-2.0203581551666336,-1.9230241279862559,-1.8610435740995765,-1.8168913274575984,-1.7832846059064527,-1.756553231624621,-1.7346108947489163,,10964,92,1.5,False,False,v1.1-frozen
A_qit_+10pct_T423,manual,0,A_qit_+10pct,A_qit_+10pct,423.0,1.0,1.0,-1100000000000.0,1.0,bb741045ab7f,1dab7e7ac807,5e1d50a6e395,0,True,0,203.97,3.7624181049339684,2.8802582394334504,155.70956064119545,0.012194009400156683,1.6897901579650449e-13,90dc2e5,2026-10-03T02:33:37+00:00,3.7661617949713184,156.0619988921833,True,0.004544693362900507,4.25,2.8802582394334504,0.23888949393889644,5.0,2.8924055485885524e-12,True,True,-3.1287734053199974,-2.3362715095924056,-2.180590229405202,-2.1052916663204777,-2.058834031224079,-2.0024883545499073,-1.968372152525892,-1.9448912474698452,-1.9274589081966451,-1.9138534745236606,-1.9028518241684393,,10964,92,1.5,False,False,v1.1-frozen
A_qit_+20pct_T300,manual,0,A_qit_+20pct,A_qit_+20pct,300.0,1.0,1.0,-1200000000000.0,1.0,bb741045ab7f,1dab7e7ac807,5e1d50a6e395,0,True,0,197.549,4.228512282748134,2.026702796567922,112.48747777134238,0.017402929361329512,8.025626420527695e-14,90dc2e5,2026-10-03T02:36:01+00:00,4.233269106365131,112.85456474793764,True,0.003815020657290746,4.75,2.026702796567922,0.3324834966827842,5.0,1.3313340657236449e-12,True,True,-5.646726714389223,-2.548370223156188,-2.253163017033323,-2.1191171181394033,-2.0357067362255554,-1.9319728108858678,-1.8671194180023523,-1.8213776073844385,-1.786778895809109,-1.759377642614962,-1.7369569380120733,,10964,92,1.5,False,False,v1.1-frozen
A_qit_+20pct_T423,manual,0,A_qit_+20pct,A_qit_+20pct,423.0,1.0,1.0,-1200000000000.0,1.0,bb741045ab7f,1dab7e7ac807,5e1d50a6e395,0,True,0,210.977,3.9943228796900523,2.889860233955476,155.7106261779636,0.01215401085524001,1.6897901579650449e-13,90dc2e5,2026-10-03T02:36:31+00:00,3.9951316427757027,156.12634981520313,True,0.004525726304370614,4.5,2.889860233955476,0.23804388926296566,5.0,2.8949641539927935e-12,True,True,-3.9732840327649783,-2.4037696013352345,-2.2058205697147555,-2.1193093811069796,-2.0680225747743832,-2.0075274980580713,-1.9716562566464861,-1.9472467266129088,-1.9292542288067203,-1.9152803801025142,-1.9040210906350943,,10964,92,1.5,False,False,v1.1-frozen
A_qit_-10pct_T300,manual,0,A_qit_-10pct,A_qit_-10pct,300.0,1.0,1.0,-900000000000.0,1.0,bb741045ab7f,1dab7e7ac807,5e1d50a6e395,0,True,0,195.634,3.5319546196104663,1.9877396582956024,112.48494970380163,0.017738102108900988,8.025626420527695e-14,90dc2e5,2026-10-03T02:32:42+00:00,3.5466961359486526,112.581619417227,True,0.0038797548236688163,4.0,1.9877396582956024,0.33958145916372606,5.0,1.3414451186711292e-12,True,True,-2.764396088104437,-2.314367201650662,-2.1524263173409697,-2.057762386086541,-1.9928428854025197,-1.9064206489509035,-1.849569306468028,-1.8083267648437655,-1.776564788393856,-1.7510928494267852,-1.7300571476326092,,10964,93,1.5,False,False,v1.1-frozen
A_qit_-10pct_T423,manual,0,A_qit_-10pct,A_qit_-10pct,423.0,1.0,1.0,-900000000000.0,1.0,bb741045ab7f,1dab7e7ac807,5e1d50a6e395,0,True,0,201.793,3.298440649187218,2.8618372333069995,155.7099801983839,0.012271513127847394,1.6897901579650449e-13,90dc2e5,2026-10-03T02:32:58+00:00,3.3093775824680773,155.83470100613417,True,0.004556439503852747,3.75,2.8618372333069995,0.24052583950637046,5.0,2.9349061988153367e-12,True,True,-2.5415241286254626,-2.246537233428635,-2.140382630192628,-2.08136569926013,-2.0425655241519474,-1.9932148355693537,-1.9622053113791331,-1.9404132489961223,-1.9240173934186748,-1.9111018836822333,-1.9005869809690559,,10964,92,1.5,False,False,v1.1-frozen
A_qit_-20pct_T300,manual,0,A_qit_-20pct,A_qit_-20pct,300.0,1.0,1.0,-800000000000.0,1.0,bb741045ab7f,1dab7e7ac807,5e1d50a6e395,0,True,0,191.063,3.29969118388855,1.9754850038259901,112.4733365135535,0.017846282370347976,8.025626420527695e-14,90dc2e5,2026-10-03T02:29:51+00:00,3.3195967387218026,112.9018521483245,True,0.003893344340036255,3.75,1.9754850038259901,0.3418687998914592,5.0,1.2774381181561713e-12,True,True,-2.588024461515995,-2.2664039349666796,-2.126577608905431,-2.040721929953423,-1.9804352631777675,-1.8986970176598945,-1.8441430103493757,-1.8042347772846912,-1.7733316273853679,-1.7484522397309585,-1.7278464378533462,,10964,93,1.5,False,False,v1.1-frozen
A_qit_-20pct_T423,manual,0,A_qit_-20pct,A_qit_-20pct,423.0,1.0,1.0,-800000000000.0,1.0,bb741045ab7f,1dab7e7ac807,5e1d50a6e395,0,True,0,194.239,3.066452008994034,2.852995585258037,155.71371928658695,0.01230907638378132,1.6897901579650449e-13,90dc2e5,2026-10-03T02:30:11+00:00,3.079261807596036,155.8642023844371,True,0.0045474358836619265,3.5,2.852995585258037,0.24131792198781007,5.0,2.8768159860570706e-12,True,True,-2.429923184124097,-2.21457987686728,-2.124001741273703,-2.07104232290984,-2.035316329487264,-1.9889346331202047,-1.9593048887304831,-1.9382823728124605,-1.9223666939986366,-1.909774533297436,-1.8994897151647396,,10964,92,1.5,False,False,v1.1-frozen
A_wjfet_+10pct_T300,manual,0,A_wjfet_+10pct,A_wjfet_+10pct,300.0,1.1,1.0,-1000000000000.0,1.0,07f6dd289c1f,1dab7e7ac807,5e1d50a6e395,0,True,0,175.236,3.7645816904238014,1.9674585543312557,112.4724022814072,0.017920920364890465,8.025626420527698e-14,90dc2e5,2026-10-03T02:19:54+00:00,3.7717773777450243,112.39205909999717,True,0.0038733397729165254,4.25,1.9674585543312557,0.3430649971252723,5.0,1.2842192449811492e-12,True,True,-3.1099628667998624,-2.371368234864235,-2.17896424256403,-2.0730164055023153,-2.002203510628948,-1.909657897878101,-1.8495981210952668,-1.8063393996703827,-1.7731679793760762,-1.74663969003499,-1.7247727820656882,,10379,92,1.5,False,False,v1.1-frozen
A_wjfet_+10pct_T423,manual,0,A_wjfet_+10pct,A_wjfet_+10pct,423.0,1.1,1.0,-1000000000000.0,1.0,07f6dd289c1f,1dab7e7ac807,5e1d50a6e395,0,True,0,191.102,3.5304184103234926,2.8035336856242714,155.72864433892875,0.012524812180866448,1.6897901579650449e-13,90dc2e5,2026-10-03T02:20:22+00:00,3.5383776879587954,155.96887424818695,True,0.004583563281817779,4.0,2.8035336856242714,0.24570348037510284,5.0,2.9216844265364277e-12,True,True,-2.7310797888540974,-2.281915051446844,-2.153548755552479,-2.0862508513065627,-2.043198051731273,-1.9895356038921252,-1.9563269821892255,-1.9331770147369158,-1.915842554613585,-1.9022287779896498,-1.891167207030731,,10379,92,1.5,False,False,v1.1-frozen
A_wjfet_+20pct_T300,manual,0,A_wjfet_+20pct,A_wjfet_+20pct,300.0,1.2,1.0,-1000000000000.0,1.0,602261a58305,1dab7e7ac807,5e1d50a6e395,0,True,0,167.727,3.764574446201669,1.9390117208491098,112.47207168370844,0.01818233578951668,8.025626420527696e-14,90dc2e5,2026-10-03T02:22:43+00:00,3.7717636907461625,112.39174236471239,True,0.0038836115342419444,4.25,1.9390117208491098,0.34822687918134176,5.0,1.2807351128908552e-12,True,True,-3.109730805440024,-2.369941871732487,-2.176707589515268,-2.0701171453456926,-1.9987765993601032,-1.905393148726681,-1.8446806391966832,-1.8008884079286125,-1.767266929397766,-1.7403503259910291,-1.7181426525501702,,9677,92,1.5,False,False,v1.1-frozen
A_wjfet_+20pct_T423,manual,0,A_wjfet_+20pct,A_wjfet_+20pct,423.0,1.2,1.0,-1000000000000.0,1.0,602261a58305,1dab7e7ac807,5e1d50a6e395,0,True,0,179.211,3.5304079192745847,2.7465975236671807,155.7298122032832,0.012782504547234069,1.689790157965044e-13,90dc2e5,2026-10-03T02:23:09+00:00,3.5383564187223318,155.96856155554372,True,0.00460781101454312,4.0,2.7465975236671807,0.2509786008738312,5.0,2.85784883548995e-12,True,True,-2.7299967368691545,-2.2784717473981244,-2.1488384269956464,-2.0807009581343308,-2.037029655016727,-1.9824860609066088,-1.9486568631714196,-1.925032391165384,-1.9073160433956005,-1.893384044105958,-1.8820505914564696,,9677,92,1.5,False,False,v1.1-frozen
A_wjfet_-10pct_T300,manual,0,A_wjfet_-10pct,A_wjfet_-10pct,300.0,0.9,1.0,-1000000000000.0,1.0,f54fd20758a9,1dab7e7ac807,5e1d50a6e395,0,True,0,196.702,3.7645951774312514,2.0399350361567943,112.47675464413686,0.017288821643541584,8.025626420527696e-14,90dc2e5,2026-10-03T02:20:08+00:00,3.7718048813000826,112.39226267327228,True,0.003847731251806712,4.25,2.0399350361567943,0.33046920834701915,5.0,1.2841908468373396e-12,True,True,-3.1105133935339535,-2.374938564952888,-2.1846135489646357,-2.0802654907633307,-2.010760907512578,-1.9202841377481854,-1.8618299741525306,-1.8198804865177844,-1.7878119645875858,-1.762234605982702,-1.741202061228872,,11549,92,1.5,False,False,v1.1-frozen
A_wjfet_-10pct_T423,manual,0,A_wjfet_-10pct,A_wjfet_-10pct,423.0,0.9,1.0,-1000000000000.0,1.0,f54fd20758a9,1dab7e7ac807,5e1d50a6e395,0,True,0,205.125,3.5304417955479286,2.9530775183806814,155.72739052313267,0.011895843221941062,1.6897901579650446e-13,90dc2e5,2026-10-03T02:20:19+00:00,3.53842814424997,155.96902973025618,True,0.004521127596976434,4.0,2.9530775183806814,0.23276416483333845,5.0,2.879234443717207e-12,True,True,-2.733878712839918,-2.2908123635459017,-2.1656650973454834,-2.1004806704746946,-2.0589751270439995,-2.0075027442804783,-1.9758264015468174,-1.9538422616682185,-1.9374423582753937,-1.9246047681154357,-1.9142044924024075,,11549,92,1.5,False,False,v1.1-frozen
A_wjfet_-20pct_T300,manual,0,A_wjfet_-20pct,A_wjfet_-20pct,300.0,0.8,1.0,-1000000000000.0,1.0,af9c52f65f4d,1dab7e7ac807,5e1d50a6e395,0,True,0,191.766,3.7646031028640254,2.0895086679914705,112.4790644794874,0.016882711715404976,8.025626420527696e-14,90dc2e5,2026-10-03T02:16:50+00:00,3.771821737659441,112.39229931688533,True,0.0038305192436239245,4.25,2.0895086679914705,0.3222592652779917,5.0,1.2841400257426677e-12,True,True,-3.110874146238572,-2.377346768692439,-2.188416207670904,-2.0851332936312197,-2.016494941739245,-1.9273793521669036,-1.8699745419541551,-1.8288762623974961,-1.7975217479669638,-1.772557795361336,-1.7520617775736405,,12017,92,1.5,False,False,v1.1-frozen
A_wjfet_-20pct_T423,manual,0,A_wjfet_-20pct,A_wjfet_-20pct,423.0,0.8,1.0,-1000000000000.0,1.0,af9c52f65f4d,1dab7e7ac807,5e1d50a6e395,0,True,0,211.112,3.530456959119325,3.0567838488105967,155.7267450071509,0.011496315525512425,1.689790157965044e-13,90dc2e5,2026-10-03T02:17:09+00:00,3.5384617487475536,155.96906574097247,True,0.0044786399782413494,4.0,3.0567838488105967,0.2244835099732394,5.0,2.8793206888525084e-12,True,True,-2.7358021920104805,-2.2968819829184994,-2.1738788569276566,-2.1100859858759424,-2.0695908897644273,-2.0195361837338357,-1.9888423310030503,-1.9676000496774582,-1.9517909947912417,-1.9394413251531917,-1.929454605325181,,12017,92,1.5,False,False,v1.1-frozen
