T,var,level,vth_V,ss_mV_dec,gm_max_S_per_cm,ion_A_per_cm,ron_mohm_cm2,id_vds_req_A_per_cm
300,wjfet,-20pct,1.4817842955316962e-05,5.785293682082795e-05,-0.008059912622511956,-0.04228865437545565,0.044571771312457355,-0.04446577382420073
300,wjfet,+20pct,-1.3838819401090774e-05,-4.320413972091387e-06,0.005688712053464522,0.0314355637362505,-0.030663553174004626,0.03253106235788699
300,npwell,-20pct,-0.5601384829465119,-0.03704100087636649,0.042206646109331815,0.03836573120643721,-0.037808395011082165,0.04423222283376608
300,npwell,+20pct,0.48532949887848753,0.03375040458588404,-0.04668815849368556,-0.029548026775371796,0.031187537037285874,-0.033833569014707764
300,qit,-20pct,-0.46489710113252025,6.925261167940736e-06,0.008209091045450053,0.012372146810158354,-0.012430098396636875,0.013678656767681662
300,qit,+20pct,0.4639239977270635,0.00013265600019583457,-0.012073381320566972,-0.012778090545743824,0.013174323019131474,-0.014149801263433162
300,mu,-20pct,0.015988022180710715,0.002367814193124738,-0.17249729856973126,-0.0965330933385526,0.10806795694974014,-0.10232510456399603
300,mu,+20pct,-0.012827486636550756,-0.0016277156038410376,0.16177444177275005,0.0781855163251564,-0.07326672418046833,0.08332176484644996
423,wjfet,-20pct,2.7615085255838778e-05,-8.692153219980822e-06,-0.016815848487480894,-0.06023390169427709,0.06473975140148391,-0.06354617189170966
423,wjfet,+20pct,-2.1424759484300893e-05,1.1003689466596602e-05,0.011540732158291135,0.04490559590776786,-0.04330443067238066,0.0469805625793172
423,npwell,-20pct,-0.5469262488946591,-0.041229336192419974,0.05556125073128764,0.021183852318675502,-0.02113251195282766,0.023701302127816862
423,npwell,+20pct,0.4744240852533861,0.037946540642711475,-0.050532799642380194,-0.0168166654235958,0.017430084641512775,-0.01877284758647882
423,qit,-20pct,-0.46397733504003513,-9.233614990011544e-05,-0.0017132628304286793,0.006205219512509089,-0.006243829972096204,0.006680142624114335
423,qit,+20pct,0.4638935356559828,-0.00011219838831927998,-0.0064791101409758505,-0.006470609227192928,0.006596874124428937,-0.006977789216392968
423,mu,-20pct,0.01710091688576565,0.0016366841889036009,-0.1359322461549374,-0.04776776913178093,0.050646660652249424,-0.0503708383642735
423,mu,+20pct,-0.013234735377324114,-0.0011716691409164918,0.11785259375648895,0.035679273912163925,-0.034753141851356764,0.03762242279079599
