candidate_id,process_group_id,wjfet_scale,npwell_scale,qit_eff_cm2,mu_channel_scale
A_base,A_base,1.0,1.0,-1000000000000.0,1.0
A_wjfet_-20pct,A_wjfet_-20pct,0.8,1.0,-1000000000000.0,1.0
A_wjfet_-10pct,A_wjfet_-10pct,0.9,1.0,-1000000000000.0,1.0
A_wjfet_+10pct,A_wjfet_+10pct,1.1,1.0,-1000000000000.0,1.0
A_wjfet_+20pct,A_wjfet_+20pct,1.2,1.0,-1000000000000.0,1.0
A_npwell_-20pct,A_npwell_-20pct,1.0,0.8,-1000000000000.0,1.0
A_npwell_-10pct,A_npwell_-10pct,1.0,0.9,-1000000000000.0,1.0
A_npwell_+10pct,A_npwell_+10pct,1.0,1.1,-1000000000000.0,1.0
A_npwell_+20pct,A_npwell_+20pct,1.0,1.2,-1000000000000.0,1.0
A_qit_-20pct,A_qit_-20pct,1.0,1.0,-800000000000.0,1.0
A_qit_-10pct,A_qit_-10pct,1.0,1.0,-900000000000.0,1.0
A_qit_+10pct,A_qit_+10pct,1.0,1.0,-1100000000000.0,1.0
A_qit_+20pct,A_qit_+20pct,1.0,1.0,-1200000000000.0,1.0
A_mu_-20pct,A_mu_-20pct,1.0,1.0,-1000000000000.0,0.8
A_mu_-10pct,A_mu_-10pct,1.0,1.0,-1000000000000.0,0.9
A_mu_+10pct,A_mu_+10pct,1.0,1.0,-1000000000000.0,1.1
A_mu_+20pct,A_mu_+20pct,1.0,1.0,-1000000000000.0,1.2
