candidate_id,process_group_id,wjfet_scale,npwell_scale,qit_eff_cm2
C0000,C0000,1.0930539164692163,0.9129283931106329,-1372895958833.3965
C0001,C0001,0.949287299439311,1.152488748729229,-909812125377.357
C0002,C0002,0.8637571033090353,0.8874468754976989,-1115829625166.9526
C0003,C0003,1.1199903894215821,1.047111377120018,-664923437871.039
C0004,C0004,1.1660377878695727,0.8343039527535439,-793868031352.7584
C0005,C0005,0.8222987797111273,1.0939799722284078,-1486900445073.843
C0006,C0006,0.9890846978873015,0.9660470902919769,-538756476715.20715
C0007,C0007,1.0453455928713082,1.1055959325283766,-1243967013433.5757
C0008,C0008,1.0062070403248071,0.8664207242429257,-585424759425.2229
C0009,C0009,0.9624891560524702,1.0051982570439577,-1133804985322.058
C0010,C0010,0.8261288817971946,0.9331246562302112,-840079966001.2126
C0011,C0011,1.182411091402173,1.1951344821602106,-1377198549918.8303
C0012,C0012,1.1284584898501635,0.9862316865473986,-1006143020465.97
C0013,C0013,0.8846705581992865,1.148252933472395,-711150662973.5232
C0014,C0014,0.9022865545004607,0.813289088383317,-1262749221175.9092
C0015,C0015,1.058498716726899,1.0520552016794682,-956495698541.4028
C0016,C0016,1.0684877116233111,0.8116913545876742,-1159109729342.1626
C0017,C0017,0.9247301544994115,1.0729153476655484,-621643352322.2804
C0018,C0018,0.8884095262736083,0.9887388501316309,-1415686898864.8057
C0019,C0019,1.1446520630270243,1.1267274983227253,-867021226324.141
C0020,C0020,1.1907917831093071,0.9418575040996074,-738153051584.959
C0021,C0021,0.8470557313412428,1.179834731295705,-1044570427387.9529
C0022,C0022,0.9646198745816946,0.858548478037119,-992775412276.3872
C0023,C0023,1.0208839166909456,1.019783890619874,-1287993015721.4404
C0024,C0024,1.0306641776114702,0.9589839443564415,-883103602565.825
C0025,C0025,0.9869555439800024,1.119422062858939,-1334174954332.4114
C0026,C0026,0.8013673376291991,0.8407140284776689,-627960997633.636
C0027,C0027,1.1576586071401835,1.0810510527342558,-1091268765740.0966
C0028,C0028,1.1037983272224665,0.8875824447721243,-1462400468066.3347
C0029,C0029,0.8600135426968336,1.0279079511761666,-756844403222.2032
C0030,C0030,0.9268452640622854,0.9120909254997969,-1205306898802.5188
C0031,C0031,1.0830603826791048,1.172540557384491,-511986773461.1034
C0032,C0032,1.0787550266832113,0.8751996282488108,-821300219744.4438
C0033,C0033,0.9349729109555482,1.0405350841581822,-1397946696728.468
C0034,C0034,0.851801959052682,0.924327440932393,-564722390845.418
C0035,C0035,1.1080197494477033,1.1597671382129193,-1152569474652.4097
C0036,C0036,1.1557215820997953,0.9712087877094746,-1273624914698.3027
C0037,C0037,0.8120095137506724,1.1066599044948817,-943651604466.1403
C0038,C0038,0.9764247436076403,0.8283425055444241,-1019002371467.6499
C0039,C0039,1.0327125813812017,1.0936665404587984,-700229191221.2968
C0040,C0040,1.0157362755388022,0.9295217990875244,-1097301634028.554
C0041,C0041,0.9720028925687074,1.1925120275467633,-685419799759.984
C0042,C0042,0.8395643625408411,0.8708351567387581,-1352445375174.284
C0043,C0043,1.195831076428294,1.0070575829595327,-928324859589.3383
C0044,C0044,1.143532909080386,0.8239667426794768,-549380415119.2307
C0045,C0045,0.8997719172388315,1.060200682282448,-1231374704279.0056
C0046,C0046,0.9134547252207995,0.9764148201793432,-806475597433.7458
C0047,C0047,1.0696938302367927,1.1393935307860374,-1476230728439.9868
C0048,C0048,1.0535143803805114,0.9986146908253432,-646694984287.0236
C0049,C0049,0.9097230140119791,1.1356259882450104,-1070596929639.5779
C0050,C0050,0.8773424465209246,0.8010527666658164,-903760181739.9264
C0051,C0051,1.1335511770099402,1.0648288145661353,-1315486745908.8564
C0052,C0052,1.1811622258275747,0.8541956871747971,-1194354894571.0063
C0053,C0053,0.8374470103532077,1.0179602216929198,-524876627139.7472
C0054,C0054,0.9510840628296137,0.9454959914088249,-1449464836157.8584
C0055,C0055,1.0073689442127942,1.182518806681037,-767811664380.1332
C0056,C0056,1.0410814713686705,0.8466394640505315,-1434169100597.5007
C0057,C0057,0.99733902849257,1.0813024822622537,-846601145341.9924
C0058,C0058,0.8141283828765155,0.9537602238357067,-1179514553397.894
C0059,C0059,1.1703858461230994,1.1183220524340869,-603206928819.418
C0060,C0060,1.117996894940734,0.9006531927734613,-982075192965.5671
C0061,C0061,0.8742329467087985,1.1652036018669605,-1300631114281.7139
C0062,C0062,0.9387000773102046,0.899771099165082,-725469174794.8528
C0063,C0063,1.0949360352009534,1.0344455383718014,-1055285903625.1902
C0064,C0064,1.0975780069828034,0.8266468439251184,-703897149302.0654
C0065,C0065,0.9413444824516773,1.088843537122011,-1014373064972.4602
C0066,C0066,0.8706248484551907,0.9730265248566866,-964409123174.8462
C0067,C0067,1.11439141780138,1.1116049729287625,-1255812327377.498
C0068,C0068,1.1745940193533897,0.9199202932417393,-1126928919926.2856
C0069,C0069,0.8183331720530987,1.1584856990724801,-593277418985.9629
C0070,C0070,0.9952970840036869,0.8797776810824871,-1385489899665.1172
C0071,C0071,1.0390363305807113,1.0419874150305986,-832765210419.8933
C0072,C0072,1.0094126760959625,0.9809188514947891,-1494550894014.5374
C0073,C0073,0.9531304188072681,1.140773368999362,-785240988247.0966
C0074,C0074,0.8332408629357815,0.8194871291518212,-1235534519888.4607
C0075,C0075,1.1769585087895393,1.058845254406333,-546212376095.3546
C0076,C0076,1.1371611103415489,0.8726307552307845,-917328853160.143
C0077,C0077,0.8809491865336896,1.011975932121277,-1364402700215.5781
C0078,C0078,0.9070830203592778,0.9277994509786367,-656357700005.1737
C0079,C0079,1.0508709996938705,1.1876669123768806,-1123418832197.7854
C0080,C0080,1.0721427127718925,0.9471703361719847,-765623853541.9106
C0081,C0081,0.9159001283347606,1.1873142927885056,-1454597608186.3047
C0082,C0082,0.8959708727896214,0.8523504402488471,-504622603766.6201
C0083,C0083,1.1397281914949418,1.0129938408732415,-1213647658936.6794
C0084,C0084,1.1998384714126586,0.8054813206195832,-1342576960101.7236
C0085,C0085,0.8435746677219869,1.066137669607997,-875678131356.8353
C0086,C0086,0.9697604082524777,0.9940640583634377,-1083526674658.06
C0087,C0087,1.013496507704258,1.1341950710862876,-636679623275.9952
C0088,C0088,1.0349540397524835,0.8952395506203175,-1036492670886.2185
C0089,C0089,0.9786625318229198,1.033044383302331,-745254273526.3705
C0090,C0090,0.8080008544027806,0.9051114939153194,-1295021758414.805
C0091,C0091,1.1517094403505326,1.1665315199643373,-984770135022.6998
C0092,C0092,1.1118197202682496,0.9519920412451028,-613699320703.7449
C0093,C0093,0.855604649335146,1.1134251095354557,-1166077170521.021
C0094,C0094,0.9325228117406368,0.8483832258731128,-874183217063.5461
C0095,C0095,1.0763078346848487,1.0861750178039074,-1407548317685.7234
C0096,C0096,1.0868767581880092,0.9647175963968039,-1222720960155.1294
C0097,C0097,0.9306590154767036,1.1011391893029212,-557057568803.4296
C0098,C0098,0.8575798451900483,0.8357066970318556,-1483720961958.17
C0099,C0099,1.1013621993362903,1.0985099494457244,-798008773475.8854
C0100,C0100,1.1599103666841983,0.8825758144259453,-676892207004.1299
C0101,C0101,0.8036222904920578,1.045366122946143,-1104852692224.0854
C0102,C0102,0.9829571828246116,0.9178238719701767,-935940767638.3853
C0103,C0103,1.026669203490019,1.1542584132403135,-1343852932564.9143
C0104,C0104,1.0248833023011685,0.8182570390403271,-951847318559.885
C0105,C0105,0.9686168268322944,1.053898860886693,-1266405735164.8809
C0106,C0106,0.8448052346706391,0.981434641033411,-693319002166.3904
C0107,C0107,1.1885386653244496,1.1465801659971475,-1026889095082.8792
C0108,C0108,1.1470868326723576,0.9345540929585695,-1405772651545.7034
C0109,C0109,0.8908476799726487,1.1996865771710872,-814450855366.8856
C0110,C0110,0.9209149941802025,0.8651133630424739,-1145289049483.8357
C0111,C0111,1.064675747603178,1.0007682271301745,-572979406453.6691
C0112,C0112,1.0621158994734288,0.859905393794179,-1307759040966.63
C0113,C0113,0.9059074074029922,1.0242620460689067,-973970735445.6187
C0114,C0114,0.8820378109812737,0.9404761675745249,-1047246295958.7573
C0115,C0115,1.1258292250335216,1.1753321684896947,-732532251626.2532
C0116,C0116,1.184468176215887,0.9935823999345302,-853602916933.5962
C0117,C0117,0.8281832471489907,1.1284514416009188,-1426190734840.9294
C0118,C0118,0.9582963585853577,0.8067745573818684,-595041642896.831
C0119,C0119,1.0020113356411458,1.0711181674152612,-1186703245155.5132
C0120,C0120,1.0495366014540195,0.9071443870663644,-517108101397.7528
C0121,C0121,0.9932791858911514,1.170724320039153,-1203100014477.9683
C0122,C0122,0.8202396675944329,0.8924069046974182,-776125723496.0795
C0123,C0123,1.1639823488891126,1.029602126404643,-1442127371206.8796
C0124,C0124,1.122621300071478,0.8392632808536291,-1063198159448.8025
C0125,C0125,0.8663851037621498,1.076471446454525,-655070285312.8314
C0126,C0126,0.9456681370735168,0.9602637898176909,-1324171037413.18
C0127,C0127,1.0894320376217366,1.1238307744264602,-896052421070.6354
C0128,C0128,1.088228603452444,0.8690808292478324,-1079512702301.1445
C0129,C0129,0.9444431498646736,1.0092270448803902,-639734225347.6382
C0130,C0130,0.8675254166126252,0.9305131953209639,-1338072743266.8208
C0131,C0131,1.1237400598824023,1.1911543250083922,-879219170659.7805
C0132,C0132,1.165191898494959,0.9773704513907433,-500335850752.89014
C0133,C0133,0.8214829772710801,1.1380229558795691,-1216940649785.1016
C0134,C0134,0.9921449884772301,0.822199347615242,-760850670747.459
C0135,C0135,1.048436164110899,1.062334192916751,-1458380850963.2944
C0136,C0136,1.0000144444406032,0.9233542673289776,-870888259261.8466
C0137,C0137,0.9562779143452644,1.161155255511403,-1411833222955.4653
C0138,C0138,0.830092602968216,0.8769723691046238,-609918044880.0326
C0139,C0139,1.1863559789955616,1.0383962277323007,-1170852201059.4607
C0140,C0140,1.127807817608118,0.8300792921334506,-1291969004087.1501
C0141,C0141,0.8840501636266709,1.0915146194398404,-988786074332.8928
C0142,C0142,0.903979752957821,0.9702227387577296,-1032949783839.2854
C0143,C0143,1.060222005099058,1.1080122597515583,-749756523407.9957
C0144,C0144,1.0627909936010838,0.9547577161341906,-1389030905440.4497
C0145,C0145,0.9190025836229324,1.1169582538306713,-828260960057.3778
C0146,C0146,0.8928691789507867,0.84489123262465,-1129983495920.8965
C0147,C0147,1.1490806750953197,1.0834658481180668,-589263420552.0153
C0148,C0148,1.1904417179524898,0.8980098031461239,-968192392028.8682
C0149,C0149,0.8467237368226052,1.0365729499608278,-1251039170660.0786
C0150,C0150,0.9666136264801025,0.901614923030138,-707190173678.1001
C0151,C0151,1.0228955514729023,1.1638269279152156,-1010086345486.3429
C0152,C0152,1.0255534924566745,0.8028316035866738,-661132704466.5813
C0153,C0153,0.9818138152360916,1.0626838620752097,-1119637530297.041
C0154,C0154,0.8048503324389458,0.997647613286972,-921613724902.2722
C0155,C0155,1.1611107520759105,1.1370080094784498,-1361107708886.2656
C0156,C0156,1.1024717949330807,0.9445160415023566,-1240036803297.6985
C0157,C0157,0.8587048903107644,1.183865062892437,-542669522576.03406
C0158,C0158,0.9294248580932617,0.8559385728091002,-1498566859401.7625
C0159,C0159,1.0856580503284932,1.015802201628685,-782188259996.4738
C0160,C0160,1.0775242507457734,0.9317426417022944,-599309378303.5874
C0161,C0161,0.9337607808411121,1.196101552993059,-1183398746885.3594
C0162,C0162,0.8544773183763028,0.868565683439374,-858356970362.3652
C0163,C0163,1.1107139423489572,1.0034194134175778,-1422396111302.078
C0164,C0164,1.150511346757412,0.8154471136629582,-1051279397681.3555
C0165,C0165,0.8067690007388593,1.0503123108297587,-729489030316.472
C0166,C0166,0.979808185249567,0.984885435551405,-1312282275408.5063
C0167,C0167,1.0360659331083297,1.1492328781634569,-970441203564.4055
C0168,C0168,1.0154819667339325,0.8852835148572922,-1327212291769.6833
C0169,C0169,0.9717674203217029,1.0488596033304929,-892017471604.0492
C0170,C0170,0.8416538797318935,0.9142921969294548,-1066729658283.2932
C0171,C0171,1.1979392364621162,1.1514912512153388,-650548898614.943
C0172,C0172,1.1377366408705711,0.9674237709492445,-779432069510.2214
C0173,C0173,0.89394556209445,1.1046341955661774,-1437861602753.401
C0174,C0174,0.9178148247301579,0.83217654787004,-520900877192.61646
C0175,C0175,1.074023649096489,1.0957412615418434,-1198343994095.9214
C0176,C0176,1.0527671858668328,0.8428528796881438,-932146110571.9209
C0177,C0177,0.9090068630874157,1.0792783170938491,-1348606952466.0706
C0178,C0178,0.8789391197264195,0.9575958218425512,-673587682656.9438
C0179,C0179,1.1351787000894547,1.1203952416777612,-1109120401553.8096
C0180,C0180,1.1750684142112733,0.9107385635375976,-1480191456153.9888
C0181,C0181,0.8313353188335896,1.1735266130417585,-802532033994.794
C0182,C0182,0.9551465772092342,0.8897343590855599,-1219677772372.961
C0183,C0183,1.0114133849740028,1.0261711712926627,-561090704053.6404
C0184,C0184,1.0401390597224236,0.9900965459644795,-1140767636708.9153
C0185,C0185,0.9964274697005748,1.1257361087948083,-576510879211.1278
C0186,C0186,0.8170921482145787,0.8095218859612943,-1401737668551.5046
C0187,C0187,1.1733806520700454,1.0746696818619967,-817492076195.7765
C0188,C0188,1.113270366191864,0.8564149621874094,-688563015311.9564
C0189,C0189,0.8694883473217487,1.0215512908995152,-1030681904405.3555
C0190,C0190,0.9425671838223935,0.9432280737906694,-947581576183.4384
C0191,C0191,1.0987852588295937,1.1788791052997112,-1269712107256.055
C0192,C0192,1.0961518701165915,0.9835804525762797,-996558625251.0547
C0193,C0193,0.9399370837956667,1.1448006607592105,-1283219922333.9558
C0194,C0194,0.8731050286442041,0.816874160245061,-741446131840.3483
C0195,C0195,1.116890148445964,1.0548666052520275,-1040283644571.9004
C0196,C0196,1.1691883098334075,0.8637679643929005,-1419227848760.7837
C0197,C0197,0.8128974679857492,1.0017475102096796,-862517039291.5607
C0198,C0198,0.9984852451831102,0.9367112539708614,-1162164361216.128
C0199,C0199,1.0421943094581365,1.1979443598538637,-617629290558.3978
C0200,C0200,1.0093538220971823,0.8370711624622346,-1209809238091.1113
C0201,C0201,0.9530901122838259,1.0975115995854139,-508443856611.8479
C0202,C0202,0.8355256352573633,0.9625535622239113,-1466416377574.2053
C0203,C0203,1.1792620223015546,1.1028882797807456,-753791738301.5156
C0204,C0204,1.1315601836889981,0.9156971286982298,-632736057974.3982
C0205,C0205,0.8753180745989084,1.1560188502073288,-1087487400509.417
C0206,C0206,0.9116382736712695,0.8839518215507269,-887388418428.5999
C0207,C0207,1.0553962614387273,1.0444052502512933,-1330880026333.034
C0208,C0208,1.071590979024768,0.8910179298371077,-534469667822.12256
C0209,C0209,0.915379149094224,1.030575966835022,-1247260067611.9326
C0210,C0210,0.8977628190070391,0.9092841025441886,-789094904437.6611
C0211,C0211,1.141551085934043,1.1689509108662606,-1490683624520.898
C0212,C0212,1.1939400430768727,0.9624148517847061,-1111815596930.6826
C0213,C0213,0.8376582611352206,1.1220946561545133,-667978103272.6168
C0214,C0214,0.9740181062370539,0.8379117831587792,-1368391797877.8481
C0215,C0215,1.0177364211529494,1.0774568285793067,-913353101350.3671
C0216,C0216,1.033816273137927,0.9383060373365879,-1259696522727.6086
C0217,C0217,0.9775557104498148,1.1770873550325631,-960511574521.6609
C0218,C0218,0.8107694584876299,0.8612637631595135,-1002600077539.6824
C0219,C0219,1.154508801922202,1.0232697922736407,-715652976185.0834
C0220,C0220,1.106897759065032,0.8081444654613734,-836785064078.8674
C0221,C0221,0.8506649006158113,1.070163393765688,-1381483391858.6372
C0222,C0222,0.9361946675926447,0.9914495576173067,-581643427722.156
C0223,C0223,1.0799617152661085,1.1302179776132106,-1138580079190.433
C0224,C0224,1.0818559799343348,0.8204793777316809,-1445935274474.3228
C0225,C0225,0.9256196897476912,1.057486890256405,-772334988228.9767
C0226,C0226,0.8611528929322958,0.9791636597365141,-1191311762668.1924
C0227,C0227,1.1049165058881045,1.1429435044527054,-528909699060.0228
C0228,C0228,1.1588691014796495,0.9260329082608223,-899965468794.1074
C0229,C0229,0.8026112105697394,1.1897997613996267,-1320240829139.9478
C0230,C0230,0.9858222853392362,0.8735855221748352,-643390515819.1919
C0231,C0231,1.0295642975717783,1.0106060307472944,-1074864575639.3672
C0232,C0232,1.0188860569149256,0.9747999273240566,-720713243819.7732
C0233,C0233,0.9626008432358504,1.1094652641564609,-1059078649617.7316
C0234,C0234,0.848964124545455,0.825672996789217,-977809394709.7659
C0235,C0235,1.1926790047436953,1.0902325186878443,-1303937549702.8232
C0236,C0236,1.1466316003352404,0.8787922937422992,-1174993196502.328
C0237,C0237,0.8904224421828986,1.043338917940855,-606738338246.9415
C0238,C0238,0.9228034388273955,0.9216564062982797,-1430134061723.9475
C0239,C0239,1.0665943745523692,1.1563346423208714,-849642429500.8182
C0240,C0240,1.056614549830556,0.9033624101430178,-1023035417310.8936
C0241,C0241,0.9003751125186682,1.1686955474317073,-697186033241.4508
C0242,C0242,0.8866926383227111,0.8962379071861506,-1278148205019.5337
C0243,C0243,1.1304532948881387,1.0316799111664294,-940122009254.9921
C0244,C0244,1.1843135807663203,0.8493441037833691,-568990070372.82
C0245,C0245,0.8280464392155409,1.0847990054637193,-1149265039712.1907
C0246,C0246,0.9604853983968497,0.9502316094934941,-826054329052.5675
C0247,C0247,1.0042183507233857,1.115551847591996,-1394152009859.6812
C0248,C0248,1.0442304689437152,0.851382701098919,-809781999327.2424
C0249,C0249,0.987942298874259,1.014376714453101,-1471964896656.5728
C0250,C0250,0.8235274028033018,0.9489498466253281,-553173135034.74
C0251,C0251,1.167239135876298,1.1851684760302303,-1226618747226.8938
C0252,C0252,1.1210994217544794,0.9958062823861837,-1355486685410.1418
C0253,C0253,0.8648812036961318,1.132037903368473,-924289846792.8171
C0254,C0254,0.9480525847524405,0.8045020442456008,-1100833076983.6902
C0255,C0255,1.091834269836545,1.0674830615520476,-680898476392.0308
C0256,C0256,1.0909346148371697,0.8037675801664591,-769910939037.7998
C0257,C0257,0.9471951775252819,1.0683148957788944,-1447380818426.6091
C0258,C0258,0.8647627033293248,0.9966322917491197,-530425829812.8843
C0259,C0259,1.1210233598947525,1.131309836357832,-1188820971176.0283
C0260,C0260,1.1687312960624694,0.9497752137482166,-1317689030431.211
C0261,C0261,0.8249641545116901,1.1844412419945,-901542662642.8961
C0262,C0262,0.9886531136929989,0.8506488822400571,-1076249112375.0806
C0263,C0263,1.0448860660195352,1.015207712724805,-641027529723.9423
C0264,C0264,1.0035627409815788,0.9510568797588348,-1061288578435.7786
C0265,C0265,0.9597745709121227,1.1148245196789504,-719481779262.4235
C0266,C0266,0.8266096748411655,0.8486103788018227,-1302269287407.3982
C0267,C0267,1.1828214079141617,1.085630100592971,-980452276766.3002
C0268,C0268,1.1305293440818787,0.8955033492296934,-609320213086.9031
C0269,C0269,0.886811126023531,1.0325116485357284,-1173385997302.83
C0270,C0270,0.9012325070798397,0.9041885163635016,-848349957726.8958
C0271,C0271,1.0575141921639442,1.1679675742983817,-1432405053637.9219
C0272,C0272,1.066273707151413,0.9208310406655074,-698571465909.4811
C0273,C0273,0.9225374169647693,1.1570618748664856,-1020675353705.883
C0274,C0274,0.8893206201493741,0.8795261140912771,-937569318339.2286
C0275,C0275,1.1455842331051826,1.042507918179035,-1279722480103.3735
C0276,C0276,1.1931891784071922,0.8264074593782426,-1150778247974.813
C0277,C0277,0.849431287497282,1.0894006859511136,-566498382948.339
C0278,C0278,0.963892362266779,0.9739739164710045,-1391730879433.4531
C0279,C0279,1.020134374499321,1.110193332657218,-827500765211.8802
C0280,C0280,1.0283159911632538,0.8743200816214085,-1470671532675.6238
C0281,C0281,0.9845307774841785,1.0097742918878794,-812050072476.2678
C0282,C0282,0.8021440587937833,0.9252068035304546,-1229201517999.172
C0283,C0283,1.1583589389920235,1.190527733042836,-551568858325.4814
C0284,C0284,1.1059638842940331,0.9783383879810572,-922624503262.3411
C0285,C0285,0.8622547261416913,1.1436708338558674,-1358130459673.7026
C0286,C0286,0.9258857227861881,0.8212131012231112,-683105482719.8386
C0287,C0287,1.0821766585111618,1.0566557966172696,-1099600716494.024
C0288,C0288,1.0810087002813815,0.9907211985439062,-1281956030987.2031
C0289,C0289,0.9372968703508378,1.1310437068343162,-998797162435.9489
C0290,C0290,0.8509305402636529,0.8089765798300506,-1042958949692.5474
C0291,C0291,1.1072188071906566,1.0694292217493058,-739749257452.786
C0292,C0292,1.153260102123022,0.862095232307911,-860881231725.216
C0293,C0293,0.8094783201813698,1.0225364562124013,-1421842150390.1482
C0294,C0294,0.9770881652832031,0.9375783205032349,-619928894564.5094
C0295,C0295,1.0333064801990985,1.1779122512787579,-1160839466378.0928
C0296,C0296,1.0182462014257907,0.8387431584298611,-509860788471.9968
C0297,C0297,0.9744856387376786,1.0767233956605196,-1207417611964.0469
C0298,C0298,0.8389493867754937,0.9616872318089008,-751329555176.1985
C0299,C0299,1.1951887302100657,1.1229196462780238,-1467900081537.6638
C0300,C0300,1.1412300251424312,0.9085556466132403,-1089032171294.0931
C0301,C0301,0.8974971666932107,1.1697765462100507,-630212871357.7986
C0302,C0302,0.9142769336700439,0.8918501380831003,-1328549467027.1873
C0303,C0303,1.0705439813435078,1.0298418916761876,-888744346797.4663
C0304,C0304,1.0554719410836697,0.8831203509122133,-1249560563825.0708
C0305,C0305,0.9117571547627449,1.0451385878026485,-533147691749.03625
C0306,C0306,0.8761750996112824,0.9164248440414667,-1489046921022.2363
C0307,C0307,1.132460219413042,1.15519395545125,-791706283576.7865
C0308,C0308,1.1786060430109502,0.9632819227874279,-670650489628.315
C0309,C0309,0.834815201163292,1.1020625490695237,-1110117830336.0938
C0310,C0310,0.9516529783606529,0.8362390495836736,-912092132493.8535
C0311,C0311,1.0078620426356792,1.0982457701116801,-1370631230995.059
C0312,C0312,1.0436861000955104,0.9374397084116936,-958180119283.4973
C0313,C0313,0.9999223902821541,1.1971187260001899,-1261049528606.236
C0314,C0314,0.8136079132556916,0.8629357546567917,-717198639176.7859
C0315,C0315,1.1698443002998828,1.00248158685863,-1000079809688.0317
C0316,C0316,1.115990123897791,0.8160427864640951,-1379024131223.5593
C0317,C0317,0.8722480148077012,1.0556000366806984,-838269663974.6427
C0318,C0318,0.9398182138800621,0.984308074042201,-1139994092285.633
C0319,C0319,1.09607620164752,1.143975669145584,-579250909388.0653
C0320,C0320,1.099684913828969,0.9423989888280631,-1181097304448.4854
C0321,C0321,0.943424591049552,1.1796102479100226,-600632315501.5707
C0322,C0322,0.8696068476885558,0.8571525018662215,-1424033775925.6362
C0323,C0323,1.113346428051591,1.020716381072998,-855744644999.5042
C0324,C0324,1.171888491883874,0.8102587327361107,-726815697737.0381
C0325,C0325,0.8156553965061903,1.0738356556743383,-1052978125400.8413
C0326,C0326,0.995716654881835,0.9892681509256362,-971703133545.8159
C0327,C0327,1.0394834626466036,1.1264663707464933,-1310041896067.5598
C0328,C0328,1.01206899471581,0.8904711119830608,-894349887967.1096
C0329,C0329,0.9558574046939612,1.0253370482474566,-1325858339667.3203
C0330,C0330,0.8327720832079649,0.9099102653563023,-649002289399.5046
C0331,C0331,1.1765605870634317,1.174256968870759,-1069250887259.841
C0332,C0332,1.1351026508957147,0.9567666400223971,-1440321824513.3757
C0333,C0333,0.8788206320255996,1.121126290410757,-777946523390.7103
C0334,C0334,0.9081494685262442,0.8435905132442714,-1196929034776.9856
C0335,C0335,1.0518675435334444,1.0784435041248799,-523294356651.6041
C0336,C0336,1.074344316497445,0.8314396996051073,-1349869897589.0874
C0337,C0337,0.918080846592784,1.0965752892196179,-929908534511.9238
C0338,C0338,0.8950473841279746,0.9682521644979716,-1106446057558.0596
C0339,C0339,1.1387840081006289,1.1039039351046085,-675283610820.7703
C0340,C0340,1.1974290627986193,0.9151212833821774,-804166895337.4028
C0341,C0341,0.8411867167800665,1.1507601071149112,-1477578115649.5212
C0342,C0342,0.9704759012907743,0.8845459766685962,-558792061172.4258
C0343,C0343,1.0142336491495372,1.0496945116668939,-1221001720987.2603
C0344,C0344,1.0373142395168542,0.985714615881443,-575094908475.8759
C0345,C0345,0.9810996931046247,1.148501830920577,-1143158316612.2437
C0346,C0346,0.8072361525148154,0.8147094786167145,-819953313097.3578
C0347,C0347,1.151021509245038,1.051147125288844,-1400254925712.943
C0348,C0348,1.1096665639430285,0.8678289320319892,-1029138094745.5764
C0349,C0349,0.8533754851669073,1.0042535349726678,-691085255704.8202
C0350,C0350,0.9334947478026152,0.9325709413737059,-1272041720338.1658
C0351,C0351,1.0772035721689464,1.1953711956739426,-946226608939.4689
C0352,C0352,1.08461106531322,0.8551033828407526,-638347846455.8721
C0353,C0353,0.9283226553350687,1.0165394492447377,-1081873727031.0521
C0354,C0354,0.8584392506629229,0.9452474761754275,-881772822700.4409
C0355,C0355,1.102150746807456,1.183036258071661,-1336497521959.245
C0356,C0356,1.1623594518750906,0.9983783580362797,-1215426495298.7432
C0357,C0357,0.8061414707452059,1.1361800853163004,-502828499302.26807
C0358,C0358,0.9822813604027033,0.8019971065223217,-1460802942514.4194
C0359,C0359,1.026063285395503,1.0634202260524035,-759403288364.4104
C0360,C0360,1.0223857712000608,0.9023455709218979,-1413127548061.3113
C0361,C0361,0.9661460939794779,1.1629989098757505,-868619239889.0853
C0362,C0362,0.845432611182332,0.8971753999590873,-1168268484063.4465
C0363,C0363,1.1891930308192968,1.0373094107955694,-611523282714.1881
C0364,C0364,1.1494017358869315,0.8440559487789869,-990452378988.266
C0365,C0365,0.8931348312646151,1.0842029988765716,-1289324283599.8535
C0366,C0366,0.9201047990471125,0.9554892476648092,-747548570856.452
C0367,C0367,1.063837991282344,1.116129542887211,-1034183105453.8489
C0368,C0368,1.060146325454116,0.969491995498538,-830684063024.8188
C0369,C0369,0.9038608718663454,1.1088401824235916,-1387586322613.0605
C0370,C0370,0.8831931386142969,0.8309137906879187,-587748250924.0508
C0371,C0371,1.1269077818840743,1.0907782539725304,-1132473341189.3247
C0372,C0372,1.187011958286166,0.8778075575828552,-1253590023145.0796
C0373,C0373,0.8308030370622874,1.0376589816063642,-966616159304.9764
C0374,C0374,0.9577150482684373,0.9226228311657906,-1008702769875.5264
C0375,C0375,1.0015062239021062,1.1619840618222952,-709552213549.614
C0376,C0376,1.046944373473525,0.8230346329510212,-1117428562603.8909
C0377,C0377,0.9907078433781862,1.0615970406681299,-662363222800.1952
C0378,C0378,0.8207725320011378,0.9766389213502407,-1362775024957.9548
C0379,C0379,1.1645359080284834,1.1388516653329135,-918971803970.6349
C0380,C0380,1.1246400844305753,0.9297825459390878,-540088608860.9695
C0381,C0381,0.8683824304491282,1.1919823445379734,-1241643056273.4604
C0382,C0382,0.9445620197802782,0.8699152309447528,-783479785546.6604
C0383,C0383,1.0883042719215155,1.0084905855357646,-1496296828612.6853
C0384,C0384,1.090283627435565,0.9595292124897241,-555481900461.0181
C0385,C0385,0.9465751353651285,1.1246625311672687,-1225271304138.005
C0386,C0386,0.86645553894341,0.8400894153863192,-800370304845.2734
C0387,C0387,1.122746952995658,1.075743445008993,-1482337950728.8337
C0388,C0388,1.1625382538884879,0.8932321585714817,-1103408617898.8218
C0389,C0389,0.8187533248215915,1.0288748148828746,-679314745590.0907
C0390,C0390,0.9926164362579584,0.9064106933772564,-1346342213451.8623
C0391,C0391,1.0488314133137464,1.171555383875966,-934426106512.5465
C0392,C0392,1.0027165364474058,0.8075999051332474,-1268012433312.8333
C0393,C0393,0.9589591208845377,1.0703909527510405,-949266015551.9843
C0394,C0394,0.8296696025878192,0.9928486093878746,-1024618675000.9656
C0395,C0395,1.1859122838824987,1.1292824115604163,-694610972888.7677
C0396,C0396,1.1257035847753287,0.939741687104106,-815681762993.3357
C0397,C0397,0.8819673884660005,1.1761640191078184,-1403563238680.3628
C0398,C0398,0.9050004217773676,0.8607314344495536,-570337040349.8411
C0399,C0399,1.0612643223255873,1.0235339477658272,-1146956754848.361
C0400,C0400,1.064946823939681,0.8642881106585265,-976462935097.5156
C0401,C0401,0.9212290812283754,1.001495537161827,-1306245272047.8176
C0402,C0402,0.89189991094172,0.9352877881377936,-731085254810.7505
C0403,C0403,1.148182265087962,1.1988555118441582,-1049667938612.4015
C0404,C0404,1.1880780827254056,0.9821692168712616,-1428551374003.291
C0405,C0405,0.8442900065332651,1.1457484107464553,-852216986939.311
C0406,C0406,0.967374898865819,0.817430903017521,-1185128472745.4185
C0407,C0407,1.0235869195312262,1.054626863822341,-597594909369.9456
C0408,C0408,1.0279655750840901,0.9185583539307117,-1200454725883.9011
C0409,C0409,0.9841990996152162,1.1534265611320733,-518774910829.9613
C0410,C0410,0.8041375074535608,0.8817497752606869,-1443361197598.2786
C0411,C0411,1.1603709381073712,1.0460942197591065,-773917202837.7653
C0412,C0412,1.100266755744815,0.8348813477903605,-652800761163.2347
C0413,C0413,0.856527603045106,1.0992371656000615,-1064493052661.419
C0414,C0414,0.9303449172526598,0.9654513854533434,-897658227011.5614
C0415,C0415,1.0866056706756353,1.10030822083354,-1321586815640.3303
C0416,C0416,1.075212784484029,0.8476547535508872,-1011759338900.4469
C0417,C0417,0.931470200046897,1.0870006695389747,-705532459542.1553
C0418,C0418,0.8552909445017577,0.9528242807835341,-1257136724889.2783
C0419,C0419,1.111548263207078,1.1126910030841828,-962110094726.0857
C0420,C0420,1.1530062053352594,0.9059428498148918,-591039394028.4849
C0421,C0421,0.8092424016445876,1.16579810641706,-1128192250616.8484
C0422,C0422,0.9791781421750784,0.8945119589567184,-834461524151.2656
C0423,C0423,1.0354142416268588,1.0338693451136352,-1382815106771.8862
C0424,C0424,1.0130363184958697,0.9948955111205577,-787762723863.1249
C0425,C0425,0.9692448105663061,1.1334617514163257,-1493007652461.5288
C0426,C0426,0.8423331331461669,0.8047536350786686,-544857976958.15564
C0427,C0427,1.1985417190939187,1.0669625345617533,-1237863628193.736
C0428,C0428,1.1399996612221002,0.851622061803937,-1366792812012.136
C0429,C0429,0.8962845902889968,1.0138195894658566,-915913387201.7264
C0430,C0430,0.9169527526944876,0.948002478852868,-1121936594136.0593
C0431,C0431,1.0732377756386995,1.186580092459917,-658818368799.9845
C0432,C0432,1.050745728984475,0.9269680935889483,-1456296844407.916
C0433,C0433,0.9070122044533492,1.188400327414274,-762949956580.9965
C0434,C0434,0.8800425704568625,0.8733583454042674,-1211406715214.2524
C0435,C0435,1.136309139803052,1.0111509718000888,-505885042250.1564
C0436,C0436,1.1776640791445971,0.8202156029641628,-877001632936.2988
C0437,C0437,0.833903231844306,1.0580196011811496,-1340275009162.724
C0438,C0438,0.9546171437948943,0.9800866134464741,-634066789411.0083
C0439,C0439,1.0108563903719188,1.1415074739605189,-1085164903663.0989
C0440,C0440,1.0375926051288844,0.8805060580372811,-743769116699.6956
C0441,C0441,0.99381034784019,1.0411616679280997,-1038952447474.0028
C0442,C0442,0.8176707919687033,0.9190881490707398,-987163169309.4968
C0443,C0443,1.1738884378224612,1.1592199008911848,-1293607188388.7053
C0444,C0444,1.1152433771640062,0.9721950735896826,-1164723663590.8484
C0445,C0445,0.8715314533561469,1.1123382911086082,-616031347773.9691
C0446,C0446,0.9414152871817351,0.8273745309561491,-1410069157369.4348
C0447,C0447,1.0977032665163278,1.0880186706781387,-872637053020.2985
C0448,C0448,1.094084445387125,0.8989419367164374,-1396248421631.7534
C0449,C0449,0.9377930790185929,1.0351765677332878,-823973170481.6222
C0450,C0450,0.8741625115275383,0.9013907980173826,-1154809472151.1006
C0451,C0451,1.117871242016554,1.1643688172101974,-563460913486.7787
C0452,C0452,1.171829941123724,0.954496993124485,-942329064011.5737
C0453,C0453,0.8156147256493569,1.1174879129976034,-1275925919413.5667
C0454,C0454,0.998001778125763,0.8458111345767976,-702841078862.5479
C0455,C0455,1.0417866595089436,1.0820328693836927,-1017365103587.5082
C0456,C0456,1.0066637434065342,0.946232857555151,-686904010362.9231
C0457,C0457,0.9504213005304336,1.181684761121869,-1094842818565.6667
C0458,C0458,0.8359606549143792,0.8533672638237477,-925932786427.4382
C0459,C0459,1.179718118160963,1.018690511956811,-1353858998976.648
C0460,C0460,1.133676817268133,0.8002236980944872,-1232727264985.4421
C0461,C0461,0.8774128690361978,1.0655599407851697,-547049349173.90344
C0462,C0462,0.9106299996376038,0.9993521992117167,-1473710849881.172
C0463,C0463,1.0543659575283528,1.1347911097109318,-808020815253.2578
C0464,C0464,1.0694227539002896,0.9756780494004488,-1073211616836.4883
C0465,C0465,0.9131406381726265,1.140227671712637,-645058727823.1979
C0466,C0466,0.8987196862697602,0.8247950706630945,-1314161402173.3403
C0467,C0467,1.1424374766647816,1.059470296651125,-906060171313.5839
C0468,C0468,1.196291659027338,0.8716643206775189,-527115613222.1222
C0469,C0469,0.840079590678215,1.00632655210793,-1193090617656.7078
C0470,C0470,0.9732448205351829,0.9287841953337193,-766114404425.025
C0471,C0471,1.0170326583087443,1.1933468107134102,-1452140590175.9863
C0472,C0472,1.0314162097871304,0.8291715726256371,-844078463502.2283
C0473,C0473,0.9751828268170357,1.0929354157298803,-1435713303275.4062
C0474,C0474,0.8114942967891694,0.9704712778329849,-604562289081.5139
C0475,C0475,1.1552610106766223,1.1074947845190763,-1177184498868.8826
C0476,C0476,1.109115193039179,0.9235905762761831,-1298240056261.4202
C0477,C0477,0.8528542011976242,1.160601182281971,-983491620048.8806
C0478,C0478,0.9352870091795922,0.8760280530899763,-1056769102811.8134
C0479,C0479,1.0790261141955853,1.039804792404175,-723007559776.3062
C0480,C0480,1.0841554328799248,0.9112556580454111,-907320886850.357
C0481,C0481,0.9278978757560253,1.1732776917517185,-1374408781528.473
C0482,C0482,0.8603272475302219,0.8883139450103045,-666369488462.8058
C0483,C0483,1.104069784283638,1.0270792715251447,-1113408943638.2056
C0484,C0484,1.1563618421554565,0.8414446957409383,-1484540767036.3784
C0485,C0485,0.8001257903873921,1.0802230153232812,-795253015123.3077
C0486,C0486,0.9864399336278439,0.9581495128571987,-1245540839619.9346
C0487,C0487,1.0302039757370949,1.120158552005887,-536204171366.9896
C0488,C0488,1.021344105899334,0.8592792391777039,-1136449327692.3894
C0489,C0489,0.9651354722678661,1.0189559500664473,-583758911117.9114
C0490,C0490,0.8482972659170628,0.9410229757428169,-1375965684652.3286
C0491,C0491,1.1920885354280473,1.1805711265653371,-842287540435.791
C0492,C0492,1.1443805932998656,0.9879036795347929,-713419240899.384
C0493,C0493,0.8880958087742329,1.1274647265672684,-1004849088378.2506
C0494,C0494,0.9236775301396847,0.8124227609485388,-954890853725.3738
C0495,C0495,1.067392648756504,1.0720865711569787,-1265332496725.0227
C0496,C0496,1.0586239874362946,0.8125584226101638,-623219981789.5889
C0497,C0497,0.9023573704063893,1.0528832376003265,-1156558439135.5515
C0498,C0498,0.8855771742761135,0.9870661195367575,-864658748731.0171
C0499,C0499,1.1293104603886603,1.147516442835331,-1417070871219.039
C0500,C0500,1.1817055210471152,0.9339599221944809,-1046015462838.1133
C0501,C0501,0.82546651288867,1.1943973492830993,-735729566775.2623
C0502,C0502,0.9610024310648442,0.8656892225146294,-1285502788610.7563
C0503,C0503,1.004763326048851,1.0060269381850957,-994291034527.123
C0504,C0504,1.0467893183231354,0.966882262378931,-1332567309960.723
C0505,C0505,0.9905714340507984,1.1048587027937173,-885685866698.6227
C0506,C0506,0.8229611597955228,0.8335725478827953,-1093540146946.907
C0507,C0507,1.1667433694005012,1.0948087472468615,-626668080687.523
C0508,C0508,1.1191384300589562,0.8867161128669977,-755612549372.0173
C0509,C0509,0.8628504984080791,1.0479393191635609,-1464610842056.5725
C0510,C0510,0.9492164947092533,0.9137629199773073,-514630100689.82837
C0511,C0511,1.0929286569356917,1.1517523549497128,-1203638247214.2578
